id,generation_source,phoneNumber,contactName,contactTime,callDirection,talkDuration,generation_source_continue
Callrecord-0,159-1,+8613807123456,冯建国,2025-01-01 08:05:00,1,450,159-a
Callrecord-1,159-3,+8613622348877,董浩然,2025-01-01 08:35:00,1,435,159-a
Callrecord-2,159-5,+8613787344567,彭雨晴,2025-01-01 12:00:00,1,195,159-a
Callrecord-3,159-4,+8613907128765,李秀英,2025-01-01 19:15:00,1,900,159-a
Callrecord-4,160-1,+8613787349876,郑文博,2025-01-02 08:10:00,1,150,160-a
Callrecord-5,160-1,+8613787349876,郑文博,2025-01-02 08:40:00,1,495,160-a
Callrecord-6,160-1,+8613622341234,黄思琪,2025-01-02 10:05:00,0,285,160-a
Callrecord-7,160-1,+8613973111222,钱永强,2025-01-02 13:35:00,1,630,160-a
Callrecord-8,,+8613622341234,黄思琪,2025-01-03 14:30:00,1,720,
Callrecord-9,,+8613907128765,李秀英,2025-01-03 19:15:00,1,1200,
Callrecord-10,,+8613973111222,钱永强,2025-01-04 11:50:05,0,195,
Callrecord-11,,+8613622341234,黄思琪,2025-01-04 21:10:00,1,900,
Callrecord-12,,+8613907128765,李秀英,2025-01-05 17:30:00,1,1800,
Callrecord-13,,+8613612345678,张明轩,2025-01-06 09:05:00,0,210,
Callrecord-14,,+8613787349876,郑文博,2025-01-06 11:45:00,1,135,
Callrecord-15,,+8613890187654,林志豪,2025-01-06 14:20:00,1,345,
Callrecord-16,163-2,+8613807123456,冯建国,2025-01-06 20:40:00,1,315,163-b
Callrecord-17,,+8613622341234,黄思琪,2025-01-07 09:45:15,1,195,
Callrecord-18,,+8613857123456,孙晓雅,2025-01-07 14:20:00,1,915,
Callrecord-19,,+8613973111222,钱永强,2025-01-07 16:50:05,0,155,
Callrecord-20,,+8613907128765,李秀英,2025-01-07 17:45:00,1,330,
Callrecord-21,,+8613907128765,李秀英,2025-01-07 19:05:00,1,1215,
Callrecord-22,,+8613907128765,李秀英,2025-01-08 08:55:00,1,435,
Callrecord-23,,+8613907128765,李秀英,2025-01-08 13:15:00,1,640,
Callrecord-24,,+8613817765432,冯欣然,2025-01-08 17:05:00,0,450,
Callrecord-25,,+8613622345678,张明轩,2025-01-08 17:45:00,0,430,
Callrecord-26,,+8613907128765,李秀英,2025-01-08 19:30:00,1,1800,
Callrecord-27,,+8613777349876,郑文博,2025-01-09 12:45:00,0,210,
Callrecord-28,,+8613622341234,黄思琪,2025-01-09 17:15:00,1,600,
Callrecord-29,,+8613907128765,李秀英,2025-01-09 19:00:00,1,480,
Callrecord-30,,+8613622345678,张明轩,2025-01-09 21:32:00,0,480,
Callrecord-31,161-3,+8613787343210,高云飞,2025-01-10 08:00:00,1,600,161-c
Callrecord-32,,+8613907128765,李秀英,2025-01-10 14:30:00,0,495,
Callrecord-33,,+8613807123456,冯建国,2025-01-10 15:20:00,0,525,
Callrecord-34,,+8613973111222,钱永强,2025-01-10 16:45:00,1,630,
Callrecord-35,162-2-1,+8613787344567,彭雨晴,2025-01-10 18:05:00,1,440,162-b
Callrecord-36,172-1,+8613907128765,李秀英,2025-01-10 21:00:00,1,2400,172-a
Callrecord-37,161-4-1,+861062300000,京东客服,2025-01-11 09:55:00,1,330,161-d
Callrecord-38,1-3,+8613787349876,郑文博,2025-01-11 17:05:00,1,330,1-c
Callrecord-39,,+8613907128765,李秀英,2025-01-11 20:45:00,0,435,
Callrecord-40,,+8613722345678,彭雨晴,2025-01-12 12:35:00,0,435,
Callrecord-41,,+8613807123456,冯建国,2025-01-12 18:10:00,1,900,
Callrecord-42,,+8613907128765,李秀英,2025-01-12 18:30:00,1,1800,
Callrecord-43,,+8613622345678,张明轩,2025-01-12 19:15:00,0,420,
Callrecord-44,163-4,+8613622344321,徐佳宁,2025-01-12 19:30:00,1,3600,163-d
Callrecord-45,164-1-2,+8613622341234,黄思琪,2025-01-13 14:02:15,0,625,164-a
Callrecord-46,,+8613807123456,冯建国,2025-01-13 15:45:00,1,450,
Callrecord-47,,+8613907128765,李秀英,2025-01-14 08:55:00,1,330,
Callrecord-48,164-2,+8613973111222,钱永强,2025-01-14 10:20:00,1,915,164-b
Callrecord-49,,+8613622341234,黄思琪,2025-01-14 11:30:00,1,525,
Callrecord-50,,+8613787349876,郑文博,2025-01-14 12:05:00,0,200,
Callrecord-51,,+8613787349876,郑文博,2025-01-14 14:30:00,0,910,
Callrecord-52,,+8613973111222,钱永强,2025-01-14 17:55:00,1,450,
Callrecord-53,,+8613622345678,张明轩,2025-01-14 19:20:00,1,495,
Callrecord-54,172-3-1,+8613807123456,冯建国,2025-01-14 20:25:00,1,1200,172-c
Callrecord-55,164-3,13622341234,黄思琪,2025-01-15 10:45:00,1,450,164-c
Callrecord-56,,13807123456,冯建国,2025-01-15 12:30:00,0,525,
Callrecord-57,,13973111222,钱永强,2025-01-15 14:20:00,1,490,
Callrecord-58,,+8613907128765,李秀英,2025-01-15 19:25:00,0,600,
Callrecord-59,166-3,+8613622341234,黄思琪,2025-01-16 10:15:00,1,450,166-a
Callrecord-60,,+8613622345678,张明轩,2025-01-16 12:55:00,0,615,
Callrecord-61,172-4,+8613907128765,李秀英,2025-01-16 14:20:00,1,525,172-d
Callrecord-62,171-5,+8613622341234,黄思琪,2025-01-17 15:45:00,1,1800,171-e
Callrecord-63,,+8613857123456,孙晓雅,2025-01-17 17:45:00,1,450,
Callrecord-64,,+86139173111222,钱永强,2025-01-17 18:05:00,0,210,
Callrecord-65,,+8613907128765,李秀英,2025-01-17 19:40:00,1,495,
Callrecord-66,,+8613622344321,徐佳宁,2025-01-18 18:35:45,1,985,
Callrecord-67,,+8613818987654,林志豪,2025-01-18 20:25:30,1,335,
Callrecord-68,171-6-2,+8613777349876,郑文博,2025-01-19 11:45:00,1,330,171-f
Callrecord-69,173-2,+8613907128765,李秀英,2025-01-19 18:20:00,1,5100,173-a
Callrecord-70,,+8613807123456,冯建国,2025-01-19 20:40:00,1,720,
Callrecord-71,171-7,+8613622341234,黄思琪,2025-01-20 16:10:00,0,510,171-g
Callrecord-72,,+8613622341234,黄思琪,2025-01-21 14:05:00,0,450,
Callrecord-73,,+8613818987654,林志豪,2025-01-21 15:20:00,0,525,
Callrecord-74,,+8613907128765,李秀英,2025-01-21 19:20:00,1,915,
Callrecord-75,,+8613907128765,李秀英,2025-01-22 09:35:00,1,420,
Callrecord-76,,+8613787349876,郑文博,2025-01-22 12:05:00,0,180,
Callrecord-77,174-3,+8613622344321,徐佳宁,2025-01-22 13:00:00,1,1800,174-c
Callrecord-78,,+86139173111222,钱永强,2025-01-22 17:50:00,1,510,
Callrecord-79,,+8613807123456,冯建国,2025-01-23 09:25:00,1,315,
Callrecord-80,1-7,+8613787349876,郑文博,2025-01-23 12:05:00,1,210,1-i
Callrecord-81,,+8613818987654,林志豪,2025-01-23 14:05:00,1,630,
Callrecord-82,176-2,13800138000,黄思琪,2025-01-24 10:30:15,0,713,176-b
Callrecord-83,,+8613973111222,钱永强,2025-01-24 15:10:00,1,510,
Callrecord-84,,+8613907128765,李秀英,2025-01-24 16:45:00,0,420,
Callrecord-85,,+8613622346677,罗振宇,2025-01-24 20:25:00,1,405,
Callrecord-86,,+8613682345678,高云飞,2025-01-26 08:45:00,0,210,
Callrecord-87,176-3,+861377349876,郑文博,2025-01-26 10:10:00,1,165,176-c
Callrecord-88,,+8613807123456,冯建国,2025-01-26 19:30:00,1,900,
Callrecord-89,1-8,+8613622341234,黄思琪,2025-01-27 10:15:00,1,450,1-j
Callrecord-90,,+8613807123456,冯建国,2025-01-27 17:40:00,1,1800,
Callrecord-91,,+8613787349876,郑文博,2025-01-27 19:40:00,0,210,
Callrecord-92,169-4,+8613907128765,李秀英,2025-01-28 07:45:00,1,210,169-d
Callrecord-93,170-4-1,+86138217765432,冯欣然,2025-01-28 18:55:00,1,630,170-d
Callrecord-94,,+8613807123456,冯建国,2025-01-30 12:05:00,1,210,
Callrecord-95,,+8613622345678,张明轩,2025-01-30 13:45:00,1,435,
Callrecord-96,,+8613817765432,冯欣然,2025-01-30 19:35:00,1,3300,
Callrecord-97,2-3,+8613787343210,高云飞,2025-01-31 15:45:00,1,450,2-e
Callrecord-98,,+8613807123456,冯建国,2025-01-31 18:20:00,0,195,
Callrecord-99,170-6-1,+8613807123456,冯建国,2025-02-01 08:45:00,1,210,170-f
Callrecord-100,,+8613723456789,郑文博,2025-02-01 10:35:05,0,195,
Callrecord-101,170-6-2,+8613817765432,冯欣然,2025-02-01 11:45:10,1,335,170-f
Callrecord-102,,+8613973111222,钱永强,2025-02-01 16:30:00,1,495,
Callrecord-103,,+8613622345678,张明轩,2025-02-01 21:10:00,0,520,
Callrecord-104,,+8613787343210,高云飞,2025-02-02 16:30:00,1,225,
Callrecord-105,,+8613807123456,冯建国,2025-02-02 21:05:00,0,450,
Callrecord-106,178-2-2,+8613622341234,黄思琪,2025-02-04 13:05:00,1,450,178-b
Callrecord-107,,+8613787345678,吴俊杰,2025-02-04 17:10:00,1,225,
Callrecord-108,,+8613787343210,高云飞,2025-02-05 06:35:00,0,180,
Callrecord-109,178-2-1,+8613787349876,郑文博,2025-02-05 09:45:00,1,210,178-b
Callrecord-110,,+8613973111222,钱永强,2025-02-05 11:20:00,0,300,
Callrecord-111,,+8613787349876,郑文博,2025-02-05 12:05:00,1,330,
Callrecord-112,178-2-3,+8613857123456,孙晓雅,2025-02-05 13:25:00,1,180,178-b
Callrecord-113,,+8613973111222,钱永强,2025-02-05 14:05:00,0,210,
Callrecord-114,178-2-3,+8613887123456,孙晓雅,2025-02-05 17:45:00,1,195,178-b
Callrecord-115,,+8613622345678,张明轩,2025-02-05 18:15:00,0,345,
Callrecord-116,,+8613818987654,林志豪,2025-02-05 20:05:00,0,190,
Callrecord-117,,+8613907128765,李秀英,2025-02-06 08:45:00,0,330,
Callrecord-118,178-3-2,+8613777349876,郑文博,2025-02-06 09:15:00,1,180,178-c
Callrecord-119,178-3-3,+86137787349876,郑文博,2025-02-06 17:20:00,1,195,178-c
Callrecord-120,180-1,+8613807123456,冯建国,2025-02-08 10:15:00,1,330,180-a
Callrecord-121,,+8613907128765,李秀英,2025-02-08 11:40:00,1,915,
Callrecord-122,,+8613622341234,黄思琪,2025-02-08 13:30:00,1,345,
Callrecord-123,195-1,+8613622345678,张明轩,2025-02-08 19:00:00,1,1200,195-a
Callrecord-124,181-2,+8613817765432,冯欣然,2025-02-09 15:35:00,1,210,181-b
Callrecord-125,,+8613817765432,冯欣然,2025-02-10 10:05:00,0,210,
Callrecord-126,,+8613622349876,王丽娜,2025-02-10 14:15:00,0,225,
Callrecord-127,,+8613622345678,张明轩,2025-02-10 21:16:00,1,270,
Callrecord-128,197-1,+8610690001234,平安健康保险,2025-02-10 21:35:00,1,435,197-a
Callrecord-129,197-2,+8613807123456,冯建国,2025-02-11 08:15:00,0,330,197-b
Callrecord-130,4-3-3,+8613807123456,冯建国,2025-02-11 09:50:00,1,915,4-c
Callrecord-131,4-3-3,+8613818901234,周雨薇,2025-02-11 16:35:00,1,1800,4-c
Callrecord-132,,+8613622341234,黄思琪,2025-02-12 11:30:00,1,615,
Callrecord-133,,+8613817765432,冯欣然,2025-02-12 12:15:00,0,450,
Callrecord-134,198-2,+8613973111222,钱永强,2025-02-12 13:50:00,1,490,198-b
Callrecord-135,,+8613622345678,张明轩,2025-02-12 14:50:00,0,225,
Callrecord-136,,+8613622345678,张明轩,2025-02-12 17:25:00,1,150,
Callrecord-137,197-4-1,13807123456,冯建国,2025-02-13 10:05:00,1,810,197-d
Callrecord-138,,+8613817765432,冯欣然,2025-02-13 19:30:00,1,2700,
Callrecord-139,,+8613622345678,张明轩,2025-02-13 20:48:30,0,280,
Callrecord-140,183-3-1,+8613807123456,冯建国,2025-02-14 09:35:00,0,630,183-c
Callrecord-141,183-3-3,+86139107128765,李秀英,2025-02-14 12:25:00,1,615,183-c
Callrecord-142,183-3-1,+8613817765432,冯欣然,2025-02-14 22:05:00,1,1200,183-c
Callrecord-143,197-5-1,400-123-4567,平安保险,2025-02-15 09:05:00,0,450,197-e
Callrecord-144,,+8613787345678,吴俊杰,2025-02-15 18:30:05,1,160,
Callrecord-145,,+8613787344567,彭雨晴,2025-02-15 18:35:10,1,130,
Callrecord-146,,+8613873123456,孙晓雅,2025-02-15 20:15:00,1,210,
Callrecord-147,182-3-1,+8613907128765,李秀英,2025-02-16 09:50:00,0,930,182-c
Callrecord-148,,+8613817765432,冯欣然,2025-02-16 18:45:00,1,2700,
Callrecord-149,,+8613787345678,彭雨晴,2025-02-16 19:35:00,1,780,
Callrecord-150,197-6,+8613907128765,李秀英,2025-02-17 09:15:00,1,1800,197-f
Callrecord-151,,+86139073111222,钱永强,2025-02-17 13:30:00,0,480,
Callrecord-152,,+8613817765432,冯欣然,2025-02-17 17:10:00,0,330,
Callrecord-153,,+8613807123456,冯建国,2025-02-17 20:35:00,1,420,
Callrecord-154,,+8613973111222,钱永强,2025-02-18 09:35:00,0,195,
Callrecord-155,,+8613622341234,黄思琪,2025-02-18 14:20:00,1,345,
Callrecord-156,,+8613907128765,李秀英,2025-02-19 09:35:00,0,435,
Callrecord-157,186-1,+8613622341234,黄思琪,2025-02-19 10:25:00,1,405,186-a
Callrecord-158,185-2-1,+8613973111222,钱永强,2025-02-19 11:05:00,0,210,185-b
Callrecord-159,,+8613787344567,彭雨晴,2025-02-19 20:00:00,1,750,
Callrecord-160,186-2-1,+8613622341234,黄思琪,2025-02-20 09:50:00,1,150,186-b
Callrecord-161,186-2-2,+8613787349876,郑文博,2025-02-20 11:45:00,0,195,186-b
Callrecord-162,,+8613787344567,彭雨晴,2025-02-20 18:15:00,1,210,
Callrecord-163,47-1,+8613817765432,冯欣然,2025-02-20 21:20:00,1,900,47-a
Callrecord-164,,+8613807123456,冯建国,2025-02-21 08:15:00,0,210,
Callrecord-165,186-3,+8613777349876,郑文博,2025-02-21 10:05:00,1,465,186-c
Callrecord-166,,+8613777349876,郑文博,2025-02-21 12:05:00,1,195,
Callrecord-167,185-4,+8613973111222,钱永强,2025-02-21 13:25:00,1,225,185-d
Callrecord-168,,+8613818987654,林志豪,2025-02-21 15:10:00,1,330,
Callrecord-169,,+8613907128765,李秀英,2025-02-21 18:45:00,1,630,
Callrecord-170,,+8613817765432,冯欣然,2025-02-21 20:05:00,1,1380,
Callrecord-171,188-1,+8613787343210,高云飞,2025-02-22 06:45:00,1,150,188-a
Callrecord-172,,+8613907128765,李秀英,2025-02-22 17:30:00,1,1500,
Callrecord-173,,+8613622345678,张明轩,2025-02-22 21:15:00,0,600,
Callrecord-174,,+8613807123456,冯建国,2025-02-23 08:45:00,1,195,
Callrecord-175,,+8613973111222,钱永强,2025-02-23 09:35:00,0,225,
Callrecord-176,,+8613907128765,李秀英,2025-02-23 19:10:00,1,1800,
Callrecord-177,,+8613622345678,张明轩,2025-02-23 20:05:00,0,630,
Callrecord-178,,+8613672345678,客户A,2025-02-24 10:15:00,1,450,
Callrecord-179,,+8613672345987,客户B,2025-02-24 10:35:00,1,315,
Callrecord-180,,+8613818987654,林志豪,2025-02-24 14:20:00,1,915,
Callrecord-181,,+8613907112345,李秀英,2025-02-24 16:45:00,0,450,
Callrecord-182,191-1,+8613973112222,钱永强,2025-02-25 08:25:00,1,315,191-a
Callrecord-183,,+8613622341234,黄思琪,2025-02-25 13:30:00,1,3300,
Callrecord-184,,+8613818987654,林志豪,2025-02-25 15:30:00,1,735,
Callrecord-185,,+8613907128765,李秀英,2025-02-25 17:25:00,1,790,
Callrecord-186,,+8613973111222,钱永强,2025-02-26 09:25:00,1,195,
Callrecord-187,,+8613622341234,黄思琪,2025-02-26 11:05:00,0,450,
Callrecord-188,,+8613817765432,冯欣然,2025-02-26 12:15:00,0,345,
Callrecord-189,,+8613907128765,李秀英,2025-02-26 17:45:00,0,810,
Callrecord-190,,+8613622341234,黄思琪,2025-02-27 09:30:00,1,900,
Callrecord-191,,+8613818987654,林志豪,2025-02-27 13:30:00,1,3000,
Callrecord-192,,+8613973111222,钱永强,2025-02-27 16:45:00,1,210,
Callrecord-193,192-2-1,+8613787346789,沈心怡,2025-02-27 17:45:00,1,180,192-b
Callrecord-194,,+8613622344321,徐佳宁,2025-02-27 19:00:00,1,615,
Callrecord-195,,+8613907128765,李秀英,2025-03-01 13:05:00,0,900,
Callrecord-196,198-5,+8613787349876,郑文博,2025-03-02 12:50:00,1,330,198-e
Callrecord-197,,+8613973111222,钱永强,2025-03-02 19:25:00,1,600,
Callrecord-198,,+8613622347766,赵天宇,2025-03-02 20:15:00,1,2700,
Callrecord-199,104-4,+8613818987654,林志豪,2025-03-03 09:30:00,1,930,104-d
Callrecord-200,,+8613821776543,冯欣然,2025-03-04 09:05:00,1,450,
Callrecord-201,207-1,+8613973111222,钱永强,2025-03-04 15:20:00,0,525,207-a
Callrecord-202,101-3-1,+8613787343210,高云飞,2025-03-05 07:50:00,1,330,101-c
Callrecord-203,,+8613622341234,黄思琪,2025-03-05 10:15:00,1,615,
Callrecord-204,,+8613787349876,郑文博,2025-03-05 11:55:00,1,330,
Callrecord-205,,+8613907128765,李秀英,2025-03-05 17:35:00,1,200,
Callrecord-206,136-1-1,+8613622344321,徐佳宁,2025-03-05 19:50:00,1,1200,136-a
Callrecord-207,,+8613973111222,钱永强,2025-03-06 07:45:00,1,210,
Callrecord-208,207-2,+8613622341234,黄思琪,2025-03-06 10:30:00,1,315,207-b
Callrecord-209,207-2,+8613818987654,林志豪,2025-03-06 14:20:00,0,225,207-b
Callrecord-210,207-2,+8613818987654,林志豪,2025-03-06 15:20:00,0,900,207-b
Callrecord-211,,+8613907128765,李秀英,2025-03-06 19:30:00,1,900,
Callrecord-212,,+8613622345678,张明轩,2025-03-06 22:15:00,0,600,
Callrecord-213,207-3,+8613622341234,黄思琪,2025-03-07 11:25:00,1,615,207-c
Callrecord-214,100-4,+8613787343210,高云飞,2025-03-08 07:15:00,1,210,100-d
Callrecord-215,88-3-1,+8610690000123,国家税务总局,2025-03-08 09:55:00,0,330,88-c
Callrecord-216,204-2,+8610693000123,京东客服,2025-03-08 13:45:00,1,195,204-b
Callrecord-217,208-1,+8613973111222,钱永强,2025-03-09 11:20:00,1,510,208-a
Callrecord-218,119-1-1,+86137787345689,陆家明,2025-03-09 12:35:00,0,195,119-a
Callrecord-219,201-1,+8613807123456,冯建国,2025-03-09 16:35:00,1,3900,201-a
Callrecord-220,204-3-1,4001005678,小米客服,2025-03-09 19:05:00,1,450,204-c
Callrecord-221,6-1,13787349876,郑文博,2025-03-10 09:35:00,1,195,6-a
Callrecord-222,6-1,13622341234,黄思琪,2025-03-10 11:15:00,0,330,6-a
Callrecord-223,208-2-1,13817765432,冯欣然,2025-03-10 14:45:00,0,430,208-b
Callrecord-224,208-2-1,13973111222,钱永强,2025-03-10 15:05:00,1,225,208-b
Callrecord-225,6-1,+8613622341234,黄思琪,2025-03-10 16:15:00,1,330,6-a
Callrecord-226,6-1,+861377349876,郑文博,2025-03-10 19:05:00,1,195,6-a
Callrecord-227,,+8613907128765,李秀英,2025-03-10 22:20:00,1,900,
Callrecord-228,104-5-2,+8613787349876,郑文博,2025-03-11 11:55:00,1,210,104-e
Callrecord-229,6-2,+8613973111222,钱永强,2025-03-11 16:50:00,0,195,6-b
Callrecord-230,101-6,+8613787343210,高云飞,2025-03-11 17:45:00,1,430,101-f
Callrecord-231,137-2,+8613622344321,徐佳宁,2025-03-11 21:15:00,1,600,137-b
Callrecord-232,,+8613907128765,李秀英,2025-03-12 12:30:00,0,495,
Callrecord-233,6-3,+8613622341234,黄思琪,2025-03-12 14:25:00,1,3780,6-c
Callrecord-234,,+8613857123456,孙晓雅,2025-03-12 16:45:00,1,810,
Callrecord-235,194-5,+8613622345566,谢雨桐,2025-03-12 20:15:00,1,780,194-e
Callrecord-236,,+8613622344321,徐佳宁,2025-03-12 21:05:00,0,450,
Callrecord-237,194-6-1,+8613907128765,李秀英,2025-03-13 13:30:00,0,615,194-f
Callrecord-238,194-6-1,+8613622341234,黄思琪,2025-03-13 14:30:00,1,930,194-f
Callrecord-239,,+8613622345566,谢雨桐,2025-03-13 17:45:00,1,930,
Callrecord-240,137-3-3,+8613622344321,徐佳宁,2025-03-13 20:45:00,1,450,137-c
Callrecord-241,,+8613787344567,彭雨晴,2025-03-13 21:22:00,0,375,
Callrecord-242,6-5,+8613973111222,钱永强,2025-03-14 09:15:00,1,330,6-e
Callrecord-243,6-5,+8613818987654,林志豪,2025-03-14 11:35:00,1,435,6-e
Callrecord-244,,+8613907128765,李秀英,2025-03-14 18:05:00,1,210,
Callrecord-245,,+8613907128765,李秀英,2025-03-16 09:25:00,1,615,
Callrecord-246,,+8613877345678,罗比零食专卖店,2025-03-16 16:05:00,1,150,
Callrecord-247,,+8613907128765,李秀英,2025-03-16 20:35:00,1,1035,
Callrecord-248,105-1,+8613973111222,钱永强,2025-03-17 09:30:00,1,135,105-a
Callrecord-249,208-5,+8613622341234,黄思琪,2025-03-17 16:45:00,1,210,208-e
Callrecord-250,,+8613787343210,高云飞,2025-03-17 17:35:00,1,195,
Callrecord-251,,+8613907128765,李秀英,2025-03-17 20:45:00,1,1800,
Callrecord-252,,+8613973111222,钱永强,2025-03-18 17:05:00,1,210,
Callrecord-253,,+8613907128765,李秀英,2025-03-18 20:30:00,1,1800,
Callrecord-254,,+8613622345678,张明轩,2025-03-18 21:05:00,0,450,
Callrecord-255,7-8-1,+8613787349876,郑文博,2025-03-19 09:35:00,1,450,7-l
Callrecord-256,208-7-2,+8613622345678,张明轩,2025-03-19 15:45:00,0,450,208-g
Callrecord-257,,+8613907128765,李秀英,2025-03-19 22:05:00,1,900,
Callrecord-258,,+8613973111222,钱永强,2025-03-20 09:45:00,1,210,
Callrecord-259,205-2,+8613817765432,冯欣然,2025-03-20 13:10:00,1,1800,205-b
Callrecord-260,7-1,+8613857123456,孙晓雅,2025-03-20 14:30:00,1,900,7-c
Callrecord-261,,+8613622344321,徐佳宁,2025-03-20 21:40:00,1,720,
Callrecord-262,,+8613973112222,钱永强,2025-03-21 08:45:00,1,150,
Callrecord-263,6-6,+8613973112222,钱永强,2025-03-21 09:40:00,1,900,6-g
Callrecord-264,7-2,+8613622341234,黄思琪,2025-03-21 11:20:00,1,480,7-e
Callrecord-265,102-6,+8613807123456,冯建国,2025-03-21 12:45:00,1,420,102-f
Callrecord-266,205-3,+8613817765432,冯欣然,2025-03-21 18:30:00,1,735,205-c
Callrecord-267,206-2,+8613787344567,彭雨晴,2025-03-21 19:35:00,1,190,206-a
Callrecord-268,,+8613907128765,李秀英,2025-03-22 08:10:00,1,330,
Callrecord-269,122-2-1,+8613973111222,钱永强,2025-03-22 08:40:00,1,135,122-b
Callrecord-270,122-2-1,+8613622345678,张明轩,2025-03-22 08:55:00,0,345,122-b
Callrecord-271,122-2-1,+8613817765432,冯欣然,2025-03-22 09:30:00,0,320,122-b
Callrecord-272,122-2-2,+8613907128765,李秀英,2025-03-22 14:20:00,1,495,122-b
Callrecord-273,122-3-3,+8613907128765,李秀英,2025-03-23 18:50:00,1,900,122-c
Callrecord-274,205-4-1,+8613817765432,冯欣然,2025-03-24 07:50:00,0,900,205-d
Callrecord-275,208-10,+8613622341234,黄思琪,2025-03-24 09:40:00,1,510,208-j
Callrecord-276,7-3,+8613787349876,郑文博,2025-03-24 11:20:00,1,480,7-f
Callrecord-277,,+8613622345678,张明轩,2025-03-24 13:15:00,0,420,
Callrecord-278,212-1,+8613973111222,钱永强,2025-03-25 09:20:00,1,210,212-a
Callrecord-279,,+8613787346789,沈心怡,2025-03-25 13:05:00,0,195,
Callrecord-280,212-1,+8613973111222,钱永强,2025-03-25 14:30:00,1,315,212-a
Callrecord-281,205-5,+8613817765432,冯欣然,2025-03-25 19:00:00,1,1530,205-e
Callrecord-282,,+8613907128765,李秀英,2025-03-26 12:20:00,0,495,
Callrecord-283,,+8613807123456,冯建国,2025-03-26 19:35:00,0,630,
Callrecord-284,,+8613622345678,张明轩,2025-03-26 22:05:00,1,620,
Callrecord-285,102-7,+8613787343210,高云飞,2025-03-27 17:35:00,1,210,102-g
Callrecord-286,,+8613973111222,钱永强,2025-03-28 08:15:00,0,210,
Callrecord-287,102-8,+8613787343210,高云飞,2025-03-28 10:35:00,1,315,102-h
Callrecord-288,200-1,+8613787349876,郑文博,2025-03-28 12:05:00,1,45,200-a
Callrecord-289,203-2,4001234567,普拉提体验中心,2025-03-28 13:15:00,1,210,203-b
Callrecord-290,,+8613807123456,冯建国,2025-03-28 17:35:00,1,420,
Callrecord-291,203-3-1,+8613907128765,李秀英,2025-03-29 13:45:00,0,450,203-c
Callrecord-292,8-1-4,+8613622346677,罗振宇,2025-03-29 21:50:00,1,3600,8-a
Callrecord-293,,+8613907128765,李秀英,2025-03-30 14:05:00,1,450,
Callrecord-294,,+8613907128765,李秀英,2025-03-30 19:30:00,1,900,
Callrecord-295,,+8613973111222,钱永强,2025-03-31 09:10:05,0,145,
Callrecord-296,8-2,+8613787343210,高云飞,2025-03-31 09:35:45,1,145,8-b
Callrecord-297,,+8613622341234,黄思琪,2025-03-31 10:45:20,1,165,
Callrecord-298,219-4,+8613857123456,孙晓雅,2025-03-31 14:20:15,0,205,219-d
Callrecord-299,58-1,13787346789,沈心怡,2025-04-01 12:45:00,1,200,58-a
Callrecord-300,,13622341234,黄思琪,2025-04-01 16:10:00,0,330,
Callrecord-301,,+8613907128765,李秀英,2025-04-01 18:05:00,1,315,
Callrecord-302,,+8613622345678,张明轩,2025-04-01 22:35:00,0,450,
Callrecord-303,219-5-1,+86139073111222,钱永强,2025-04-02 08:45:00,0,150,219-e
Callrecord-304,219-5-1,+86139073111222,钱永强,2025-04-02 09:05:00,1,195,219-e
Callrecord-305,,+8613622341234,黄思琪,2025-04-02 10:20:00,0,345,
Callrecord-306,,+8613622345678,张明轩,2025-04-02 13:35:00,0,190,
Callrecord-307,,+8613807123456,冯建国,2025-04-02 20:30:00,0,735,
Callrecord-308,,+8613807123456,冯建国,2025-04-03 08:15:00,1,330,
Callrecord-309,210-2-1,+8613622341234,黄思琪,2025-04-03 09:05:00,1,465,210-b
Callrecord-310,210-2-1,+8613973111222,钱永强,2025-04-03 11:45:00,1,430,210-b
Callrecord-311,210-2-1,+8613907128765,李秀英,2025-04-03 15:05:00,1,450,210-b
Callrecord-312,,+8613807123456,冯建国,2025-04-04 08:05:00,0,210,
Callrecord-313,210-2-2,+8613907128765,李秀英,2025-04-04 09:45:00,0,130,210-b
Callrecord-314,,+8613622345678,张明轩,2025-04-04 10:15:00,1,330,
Callrecord-315,210-2-3,+8613807123456,冯建国,2025-04-04 11:20:00,0,345,210-b
Callrecord-316,58-2,+8613807123456,冯建国,2025-04-04 16:45:00,1,630,58-b
Callrecord-317,,+8613612345678,张明轩,2025-04-04 19:15:00,0,645,
Callrecord-318,210-3-2,+8613973111222,钱永强,2025-04-05 12:40:00,0,330,210-c
Callrecord-319,89-2-1,4001234567,平安车险,2025-04-06 09:45:00,1,330,89-b
Callrecord-320,,+8613612345678,徐佳宁,2025-04-06 11:20:00,1,495,
Callrecord-321,211-1,+8613807123456,冯建国,2025-04-06 19:50:00,1,3600,211-a
Callrecord-322,211-1,+8613907128765,李秀英,2025-04-06 19:50:05,1,3595,211-a
Callrecord-323,,+8613807123456,冯建国,2025-04-07 08:15:00,1,300,
Callrecord-324,,+8613973111222,钱永强,2025-04-07 08:25:00,1,210,
Callrecord-325,,+8613787343210,高云飞,2025-04-07 12:45:00,1,600,
Callrecord-326,7-9,+86-138-XXXX-XXXX,冯建国,2025-04-07 19:30:00,0,1800,7-m
Callrecord-327,,+8613612341234,黄思琪,2025-04-08 11:20:00,0,1500,
Callrecord-328,,+8613787349876,郑文博,2025-04-08 12:05:00,1,180,
Callrecord-329,,+8613807123456,冯建国,2025-04-08 21:05:00,1,1800,
Callrecord-330,212-4,+8613973111222,钱永强,2025-04-09 11:15:00,0,330,212-d
Callrecord-331,,+8613907128765,李秀英,2025-04-09 18:35:00,1,630,
Callrecord-332,,+8613672341234,黄思琪,2025-04-10 11:45:00,1,420,
Callrecord-333,9-3-2,+8613787349876,郑文博,2025-04-10 12:05:00,1,210,9-c
Callrecord-334,219-7,+8613672341234,黄思琪,2025-04-10 15:45:00,0,300,219-g
Callrecord-335,,+8613821776543,冯欣然,2025-04-10 18:45:00,1,450,
Callrecord-336,61-2-1,+8613973111222,钱永强,2025-04-11 16:20:00,0,330,61-b
Callrecord-337,61-2-1,+8613622345678,张明轩,2025-04-11 17:45:00,1,330,61-b
Callrecord-338,11-2,+8613787343210,高云飞,2025-04-12 06:35:00,1,210,11-b
Callrecord-339,,+8613907128765,李秀英,2025-04-12 12:15:00,1,315,
Callrecord-340,,+8613907128765,李秀英,2025-04-12 17:05:00,1,210,
Callrecord-341,,+8613907128765,李秀英,2025-04-13 17:45:00,1,630,
Callrecord-342,,+8613722341234,黄思琪,2025-04-14 11:15:00,1,345,
Callrecord-343,,+8613907128765,李秀英,2025-04-14 12:45:00,0,450,
Callrecord-344,10-1,+8613973111222,钱永强,2025-04-14 14:30:00,1,930,10-a
Callrecord-345,,+8613622345678,张明轩,2025-04-15 12:15:00,0,330,
Callrecord-346,215-2,+8613973111222,钱永强,2025-04-15 15:10:00,1,345,215-b
Callrecord-347,,+8613787343210,高云飞,2025-04-15 21:50:00,1,900,
Callrecord-348,,+8613907128765,李秀英,2025-04-16 08:55:00,0,450,
Callrecord-349,215-3,+8613807123456,冯建国,2025-04-16 13:05:00,0,450,215-c
Callrecord-350,,+8613907128765,李秀英,2025-04-17 18:35:00,1,330,
Callrecord-351,,+8613817765432,冯欣然,2025-04-17 21:50:00,1,375,
Callrecord-352,,+8613622341234,黄思琪,2025-04-18 09:05:15,1,210,
Callrecord-353,10-5,010-65871234,大成律师事务所,2025-04-18 09:18:05,0,345,10-e
Callrecord-354,9-4,+8613818987654,林志豪,2025-04-18 16:55:00,1,480,9-d
Callrecord-355,11-4-2,+8613622345678,张明轩,2025-04-19 16:25:00,0,435,11-d
Callrecord-356,45-1,106900001234,长沙文旅,2025-04-20 10:05:00,0,210,45-a
Callrecord-357,215-5,+8613912345678,李华,2025-04-20 10:25:00,1,1200,215-e
Callrecord-358,91-2-2,+8613973111222,钱永强,2025-04-20 14:00:00,1,720,91-b
Callrecord-359,91-2-3,+8613622341234,黄思琪,2025-04-20 16:05:00,1,450,91-b
Callrecord-360,91-2-3,+8613818987654,林志豪,2025-04-20 16:25:00,1,195,91-b
Callrecord-361,,+8613807123456,冯建国,2025-04-21 08:25:00,1,315,
Callrecord-362,10-6,+8613973111222,钱永强,2025-04-21 09:05:00,0,210,10-f
Callrecord-363,,13787343210,高云飞,2025-04-21 21:25:00,1,435,
Callrecord-364,91-4-3,+8613818987654,林志豪,2025-04-22 09:05:10,1,215,91-d
Callrecord-365,91-4-2,+8613973111222,钱永强,2025-04-22 16:45:30,0,405,91-d
Callrecord-366,,+8613907128765,李秀英,2025-04-22 22:20:00,1,915,
Callrecord-367,,+8613973111222,钱永强,2025-04-23 09:05:00,1,330,
Callrecord-368,,+8613622341234,黄思琪,2025-04-23 13:15:00,1,180,
Callrecord-369,,+8613973111222,钱永强,2025-04-23 16:35:00,1,420,
Callrecord-370,,+8613973111222,钱永强,2025-04-23 18:05:00,1,600,
Callrecord-371,,+8613807123456,冯建国,2025-04-23 19:30:00,1,900,
Callrecord-372,,+8613907128765,李秀英,2025-04-23 20:25:00,1,1200,
Callrecord-373,10-7,+8613907111122,行业资深人士,2025-04-24 08:15:00,1,330,10-g
Callrecord-374,,+8613612345678,陈先生,2025-04-24 09:05:00,1,180,
Callrecord-375,,+8613807123456,冯建国,2025-04-24 11:40:00,0,315,
Callrecord-376,,+86137787345689,陆家明,2025-04-24 16:15:00,1,210,
Callrecord-377,,+8613973111222,钱永强,2025-04-24 18:45:00,1,315,
Callrecord-378,,+8613907128765,李秀英,2025-04-24 20:45:00,1,1800,
Callrecord-379,16-9,+8613973111222,钱永强,2025-04-25 16:45:00,1,435,16-i
Callrecord-380,,+8613907128765,李秀英,2025-04-25 17:20:00,1,330,
Callrecord-381,119-2-2,+8613807123456,冯建国,2025-04-25 19:35:00,1,435,119-b
Callrecord-382,,+8613787343210,高云飞,2025-04-26 06:45:00,1,210,
Callrecord-383,45-2-4,+8613787344567,彭雨晴,2025-04-26 13:10:00,1,915,45-b
Callrecord-384,92-3,+8613622345678,张明轩,2025-04-26 16:10:00,0,525,92-c
Callrecord-385,,+8613907128765,李秀英,2025-04-26 21:00:00,1,1710,
Callrecord-386,,+8613807123456,冯建国,2025-04-27 11:35:00,1,315,
Callrecord-387,218-4,400-123-4567,平安保险,2025-04-27 13:20:00,1,330,218-d
Callrecord-388,13-4-1,+8613807123456,冯建国,2025-04-27 14:30:00,1,915,13-d
Callrecord-389,13-4-2,+8613818901234,周雨薇,2025-04-27 19:25:00,1,270,13-d
Callrecord-390,10-9,+8613622341234,黄思琪,2025-04-28 09:15:00,1,330,10-i
Callrecord-391,10-9,+8613807123456,冯建国,2025-04-28 10:45:00,1,195,10-i
Callrecord-392,,+8613818987654,林志豪,2025-04-28 11:35:00,0,345,
Callrecord-393,218-5,+8613907128765,李秀英,2025-04-28 13:00:00,1,1500,218-e
Callrecord-394,,+8613907128765,李秀英,2025-04-28 17:58:00,1,450,
Callrecord-395,,+8613787349876,郑文博,2025-04-29 12:15:00,0,330,
Callrecord-396,,+8613817765432,冯欣然,2025-04-29 17:05:00,1,450,
Callrecord-397,,+8613907128765,李秀英,2025-04-29 17:35:00,1,315,
Callrecord-398,,+8613622345678,张明轩,2025-04-29 21:35:00,0,610,
Callrecord-399,10-10,+8613622341234,黄思琪,2025-04-30 09:30:00,1,315,10-j
Callrecord-400,,+8613622345678,张明轩,2025-04-30 10:20:00,0,345,
Callrecord-401,,+8613973111222,钱永强,2025-04-30 15:20:00,0,330,
Callrecord-402,,+8613973111222,钱永强,2025-04-30 21:30:00,1,615,
Callrecord-403,,+8613807123456,冯建国,2025-04-30 22:05:00,1,930,
Callrecord-404,,+8613807123456,冯建国,2025-05-01 18:15:00,1,330,
Callrecord-405,,+8613907128765,李秀英,2025-05-01 19:50:00,1,3000,
Callrecord-406,,+8613973111222,钱永强,2025-05-02 08:55:00,0,330,
Callrecord-407,,+8613787349876,郑文博,2025-05-02 12:05:00,1,195,
Callrecord-408,,+8613622341234,黄思琪,2025-05-02 14:45:00,1,430,
Callrecord-409,,+8613973111222,钱永强,2025-05-02 17:15:00,1,345,
Callrecord-410,,+8613622341234,黄思琪,2025-05-02 21:40:00,0,1500,
Callrecord-411,,+8613622344321,徐佳宁,2025-05-03 20:35:00,1,420,
Callrecord-412,,+8613907128765,李秀英,2025-05-03 20:50:00,0,900,
Callrecord-413,221-1-1,+8613622341234,黄思琪,2025-05-04 11:45:00,1,450,221-a
Callrecord-414,,+8613973111222,钱永强,2025-05-04 12:35:00,0,195,
Callrecord-415,,+8613907128765,李秀英,2025-05-04 12:50:00,0,930,
Callrecord-416,,+8613622344321,徐佳宁,2025-05-04 14:15:00,1,225,
Callrecord-417,,+8613807123456,冯建国,2025-05-04 19:40:00,1,1800,
Callrecord-418,228-2,+8613787343210,高云飞,2025-05-06 06:05:00,1,330,228-a
Callrecord-419,,+8613807123456,冯建国,2025-05-06 08:15:00,1,315,
Callrecord-420,,+8613787349876,郑文博,2025-05-06 09:05:00,0,150,
Callrecord-421,221-3-1,+8613622341234,黄思琪,2025-05-06 12:25:00,1,225,221-c
Callrecord-422,,+8613807123456,冯建国,2025-05-06 19:00:00,1,1500,
Callrecord-423,,+8613973111222,钱永强,2025-05-07 08:10:00,1,150,
Callrecord-424,221-4-2,+8613622341234,黄思琪,2025-05-07 11:45:00,1,195,221-d
Callrecord-425,221-4-2,+8613973111222,钱永强,2025-05-07 14:30:00,0,345,221-d
Callrecord-426,,+8613807123456,冯建国,2025-05-07 17:45:00,1,630,
Callrecord-427,,+8613607123456,张明轩,2025-05-07 19:05:00,0,465,
Callrecord-428,43-2,+8613973111222,钱永强,2025-05-08 08:45:00,1,300,43-b
Callrecord-429,43-2,+8613818987654,林志豪,2025-05-08 14:30:00,1,900,43-b
Callrecord-430,,+8613817765432,冯欣然,2025-05-08 17:15:00,1,210,
Callrecord-431,43-3,+8613973111222,钱永强,2025-05-09 07:40:00,1,330,43-c
Callrecord-432,43-3,+8613622341234,黄思琪,2025-05-09 10:20:00,0,495,43-c
Callrecord-433,,+8613787349876,郑文博,2025-05-09 14:10:00,1,345,
Callrecord-434,,+8613907128765,李秀英,2025-05-09 20:15:00,1,1200,
Callrecord-435,,+8613807123456,冯建国,2025-05-09 20:40:00,0,300,
Callrecord-436,,+861387349876,郑文博,2025-05-10 09:35:00,1,330,
Callrecord-437,,+8613973111222,钱永强,2025-05-10 14:45:00,1,315,
Callrecord-438,,+8613807123456,冯建国,2025-05-10 22:25:00,1,1800,
Callrecord-439,84-3,+8613818987654,林志豪,2025-05-11 09:35:00,1,330,84-c
Callrecord-440,43-4-1,+8613787349876,郑文博,2025-05-11 11:55:00,1,420,43-d
Callrecord-441,,+8613907128765,李秀英,2025-05-11 19:15:00,0,330,
Callrecord-442,221-6,+8613622341234,黄思琪,2025-05-12 09:45:00,1,630,221-f
Callrecord-443,83-5,+861377349876,郑文博,2025-05-12 11:20:00,0,495,83-e
Callrecord-444,,+8613622345678,张明轩,2025-05-12 13:05:00,0,465,
Callrecord-445,,+8613973111222,钱永强,2025-05-12 14:15:00,0,330,
Callrecord-446,,+8613622345678,张明轩,2025-05-12 22:40:00,1,915,
Callrecord-447,,+8613807123456,冯建国,2025-05-13 08:20:00,1,330,
Callrecord-448,,+8613818987654,林志豪,2025-05-13 14:00:00,1,2280,
Callrecord-449,139-6,+8613622344321,徐佳宁,2025-05-13 15:35:00,0,780,139-f
Callrecord-450,,+8613973111222,钱永强,2025-05-13 17:45:00,1,630,
Callrecord-451,,+8613907128765,李秀英,2025-05-13 19:25:00,1,610,
Callrecord-452,,+8613787343210,高云飞,2025-05-14 07:05:00,1,210,
Callrecord-453,229-3,+8613787349876,郑文博,2025-05-14 12:25:00,1,180,229-a
Callrecord-454,,+8613622341234,黄思琪,2025-05-14 15:30:00,0,495,
Callrecord-455,,+8613907128765,李秀英,2025-05-14 20:30:00,0,735,
Callrecord-456,225-2-5,+8613778344567,彭雨晴,2025-05-14 21:15:00,1,630,225-b
Callrecord-457,85-2,+8613818987654,林志豪,2025-05-15 09:45:00,1,195,85-b
Callrecord-458,,+861387123456,孙晓雅,2025-05-15 16:45:00,1,630,
Callrecord-459,,+8613907128765,李秀英,2025-05-15 18:25:00,1,615,
Callrecord-460,,+8613817765432,冯欣然,2025-05-15 21:50:00,1,945,
Callrecord-461,,+8613622341234,黄思琪,2025-05-16 11:20:15,1,933,
Callrecord-462,,+8613817765432,冯欣然,2025-05-16 14:15:00,0,430,
Callrecord-463,,+8613907128765,李秀英,2025-05-16 15:35:05,1,795,
Callrecord-464,,+8613622341234,黄思琪,2025-05-16 16:45:00,1,435,
Callrecord-465,,+8613787343210,高云飞,2025-05-17 07:45:00,0,210,
Callrecord-466,,+8613907128765,李秀英,2025-05-17 09:15:00,1,300,
Callrecord-467,,+8613622344321,徐佳宁,2025-05-17 12:10:00,1,330,
Callrecord-468,,+8613807123456,冯建国,2025-05-17 12:35:00,0,300,
Callrecord-469,,+8613787346789,沈心怡,2025-05-17 16:00:00,1,120,
Callrecord-470,43-7,+8613973111222,钱永强,2025-05-18 11:45:00,1,330,43-g
Callrecord-471,222-2,+8613807123456,冯建国,2025-05-18 19:30:00,1,4200,222-b
Callrecord-472,227-2-1,+8613973111222,钱永强,2025-05-19 10:45:00,0,210,227-b
Callrecord-473,,+8613787349876,郑文博,2025-05-19 12:05:00,1,180,
Callrecord-474,14-1-1,4001234567,平安好医生,2025-05-19 13:28:00,1,120,14-a
Callrecord-475,,+8613973111222,钱永强,2025-05-19 14:05:00,0,630,
Callrecord-476,,+8613907128765,李秀英,2025-05-19 18:15:00,1,600,
Callrecord-477,,+86138217765432,冯欣然,2025-05-19 19:05:00,0,600,
Callrecord-478,227-2-3,+8613807123456,冯建国,2025-05-19 20:45:00,1,1200,227-b
Callrecord-479,,+8613818987654,林志豪,2025-05-19 22:10:00,0,900,
Callrecord-480,,+8613807123456,冯建国,2025-05-20 08:20:00,1,330,
Callrecord-481,85-3,+8613818987654,林志豪,2025-05-20 09:05:00,0,1380,85-c
Callrecord-482,,+8613973111222,钱永强,2025-05-20 10:45:00,1,435,
Callrecord-483,,+8613622345678,张明轩,2025-05-20 12:30:00,0,910,
Callrecord-484,222-4-1,+8613622341234,黄思琪,2025-05-20 14:15:00,0,330,222-d
Callrecord-485,,+8613818987654,林志豪,2025-05-21 09:30:00,1,735,
Callrecord-486,14-2,+8613787349876,郑文博,2025-05-21 12:05:00,0,210,14-b
Callrecord-487,,+8613973111222,钱永强,2025-05-21 15:25:00,1,300,
Callrecord-488,,+8613622341234,黄思琪,2025-05-21 17:55:00,1,300,
Callrecord-489,,+8613907128765,李秀英,2025-05-21 18:20:00,1,300,
Callrecord-490,,+8613622345678,张明轩,2025-05-21 18:40:00,0,600,
Callrecord-491,,+8613817765432,冯欣然,2025-05-21 21:05:00,1,600,
Callrecord-492,,+8613973112222,钱永强,2025-05-22 07:45:00,1,210,
Callrecord-493,,+8613818987654,林志豪,2025-05-22 08:30:00,1,915,
Callrecord-494,222-5,+8613907128765,李秀英,2025-05-22 18:45:00,1,630,222-e
Callrecord-495,43-9,+8613787345678,吴俊杰,2025-05-23 06:15:00,1,330,43-i
Callrecord-496,,+8613787349876,郑文博,2025-05-23 12:05:00,0,465,
Callrecord-497,,+8613818987654,林志豪,2025-05-23 14:15:00,1,630,
Callrecord-498,,+8613787343210,高云飞,2025-05-24 07:30:00,1,315,
Callrecord-499,125-1,+8613907128765,李秀英,2025-05-25 16:20:00,0,495,125-a
Callrecord-500,,+8613622345678,张明轩,2025-05-25 20:05:00,1,450,
Callrecord-501,223-6,+8613622341234,黄思琪,2025-05-26 11:15:00,1,330,223-f
Callrecord-502,,+8613622344321,徐佳宁,2025-05-26 18:40:00,1,330,
Callrecord-503,,+8613622344321,徐佳宁,2025-05-26 19:05:00,0,420,
Callrecord-504,,+8613907128765,李秀英,2025-05-26 19:20:00,0,480,
Callrecord-505,,+8613857123456,孙晓雅,2025-05-27 11:00:00,0,510,
Callrecord-506,125-2-1,+8613707123456,冯建国,2025-05-27 13:15:00,1,465,125-b
Callrecord-507,,+8613973111222,钱永强,2025-05-27 14:05:00,1,210,
Callrecord-508,125-2-2,+8613787345689,陆家明,2025-05-27 15:30:00,1,900,125-b
Callrecord-509,,+8613622341234,黄思琪,2025-05-27 16:20:00,1,315,
Callrecord-510,,+8613907128765,李秀英,2025-05-27 18:15:00,0,180,
Callrecord-511,,+8613817765432,冯欣然,2025-05-27 20:00:00,1,600,
Callrecord-512,148-14,+8613622341234,黄思琪,2025-05-28 15:35:00,1,180,148-n
Callrecord-513,,+8613787349876,郑文博,2025-05-28 19:15:00,0,330,
Callrecord-514,125-3,+8613807123456,冯建国,2025-05-29 19:30:00,1,2700,125-c
Callrecord-515,,+8613973111222,钱永强,2025-05-30 09:30:00,1,315,
Callrecord-516,,+8613907128765,李秀英,2025-05-30 10:45:00,1,450,
Callrecord-517,,+8613873123456,孙晓雅,2025-05-30 14:20:00,1,345,
Callrecord-518,,+8613622345678,张明轩,2025-05-30 16:30:00,0,490,
Callrecord-519,224-1,+8613907128765,李秀英,2025-05-30 17:10:00,1,330,224-a
Callrecord-520,224-2-1,+8613907128765,李秀英,2025-05-31 08:45:00,1,435,224-b
Callrecord-521,224-2-1,+8613807123456,冯建国,2025-05-31 09:28:00,1,120,224-b
Callrecord-522,,+86137787346789,沈心怡,2025-05-31 15:40:00,1,210,
Callrecord-523,224-2-1,+8613907128765,李秀英,2025-05-31 17:15:00,0,225,224-b
Callrecord-524,,+8613787343210,高云飞,2025-06-01 10:15:00,1,330,
Callrecord-525,,+8613622345678,张明轩,2025-06-01 12:05:00,0,645,
Callrecord-526,234-2,+8613807123456,冯建国,2025-06-01 13:45:00,1,630,234-b
Callrecord-527,,+8613907128765,李秀英,2025-06-02 10:05:00,1,450,
Callrecord-528,232-3-1,+8613622345678,张明轩,2025-06-02 16:15:00,0,465,232-c
Callrecord-529,,+8613907128765,李秀英,2025-06-02 19:55:00,1,630,
Callrecord-530,,+8613787349876,郑文博,2025-06-03 12:05:00,0,210,
Callrecord-531,,+8613907128765,李秀英,2025-06-03 20:55:00,0,600,
Callrecord-532,,+8613787343210,高云飞,2025-06-04 07:20:00,1,330,
Callrecord-533,,+8613818987654,林志豪,2025-06-04 08:30:00,1,195,
Callrecord-534,,+8613973111222,钱永强,2025-06-04 09:00:00,0,345,
Callrecord-535,52-1,+8613622341234,黄思琪,2025-06-04 11:15:00,1,450,52-a
Callrecord-536,52-1,+8613807123456,冯建国,2025-06-04 11:45:00,1,315,52-a
Callrecord-537,52-1,+8613787349876,郑文博,2025-06-04 13:45:00,1,420,52-a
Callrecord-538,,+8613818987654,林志豪,2025-06-04 14:05:00,1,210,
Callrecord-539,,+8613622341234,黄思琪,2025-06-04 16:45:00,0,225,
Callrecord-540,,13622341234,黄思琪,2025-06-05 12:05:00,0,450,
Callrecord-541,,+8613973111222,钱永强,2025-06-05 14:25:00,0,210,
Callrecord-542,234-4-2,+8613907128765,李秀英,2025-06-05 20:10:00,1,915,234-d
Callrecord-543,,+8613787349876,郑文博,2025-06-06 11:55:00,1,150,
Callrecord-544,,+8613807123456,冯建国,2025-06-07 09:15:00,0,210,
Callrecord-545,,+8613622345678,张明轩,2025-06-07 12:20:00,1,495,
Callrecord-546,16-11-2,+8613907128765,李秀英,2025-06-07 19:10:00,0,150,16-k
Callrecord-547,17-1-1,+8613787343210,高云飞,2025-06-08 09:15:00,1,450,17-a
Callrecord-548,,+8613907128765,李秀英,2025-06-08 19:30:00,0,495,
Callrecord-549,1-14-1,+861377349876,郑文博,2025-06-09 09:45:00,1,195,1-t
Callrecord-550,1-14-3,+8613622341234,黄思琪,2025-06-09 11:35:00,1,450,1-t
Callrecord-551,,+861377349876,郑文博,2025-06-09 12:05:00,0,45,
Callrecord-552,1-14-1,+8613973111222,钱永强,2025-06-09 16:20:00,0,310,1-t
Callrecord-553,,+8613807123456,冯建国,2025-06-09 20:55:00,1,630,
Callrecord-554,,+8613907128765,李秀英,2025-06-09 21:10:00,0,345,
Callrecord-555,238-1,+8613787345678,吴俊杰,2025-06-10 17:25:00,1,210,238-a
Callrecord-556,,+8613807123456,冯建国,2025-06-11 12:30:00,0,495,
Callrecord-557,,+8613907128765,李秀英,2025-06-11 17:50:00,1,900,
Callrecord-558,2-5,+8613817765432,冯欣然,2025-06-11 20:00:00,0,720,2-i
Callrecord-559,,+8613622345678,张明轩,2025-06-11 21:15:00,1,600,
Callrecord-560,,+86137787343210,高云飞,2025-06-12 06:05:00,1,210,
Callrecord-561,52-6,+86137787344567,彭雨晴,2025-06-12 10:20:00,1,315,52-f
Callrecord-562,,+8613622341234,黄思琪,2025-06-12 11:15:00,1,465,
Callrecord-563,1-12,+8613622341234,黄思琪,2025-06-12 13:28:00,1,120,1-r
Callrecord-564,,+8613818987654,林志豪,2025-06-12 15:45:00,1,430,
Callrecord-565,,+8613973111222,钱永强,2025-06-12 17:45:00,1,210,
Callrecord-566,,+8613907128765,李秀英,2025-06-12 23:50:00,0,195,
Callrecord-567,,+8613907128765,李秀英,2025-06-13 09:20:00,0,495,
Callrecord-568,,+8613887123456,孙晓雅,2025-06-13 15:10:00,1,330,
Callrecord-569,,+8613907128765,李秀英,2025-06-13 19:15:00,0,330,
Callrecord-570,,+8613807123456,冯建国,2025-06-14 07:45:00,1,630,
Callrecord-571,52-7-1,+8613973111222,钱永强,2025-06-14 08:05:00,1,195,52-g
Callrecord-572,,+8613787345678,吴俊杰,2025-06-14 18:15:00,1,330,
Callrecord-573,,+8613787345678,吴俊杰,2025-06-14 19:05:00,1,180,
Callrecord-574,,+8613907128765,李秀英,2025-06-14 19:45:00,0,600,
Callrecord-575,,+8613622341234,黄思琪,2025-06-15 17:50:00,1,900,
Callrecord-576,,+8613672345678,孙晓雅,2025-06-16 09:18:30,0,285,
Callrecord-577,236-1,+8613973111222,钱永强,2025-06-16 09:35:05,1,225,236-a
Callrecord-578,4-8,+8613622341234,黄思琪,2025-06-16 10:45:18,0,167,4-i
Callrecord-579,,+8613821775432,冯欣然,2025-06-16 13:15:00,0,220,
Callrecord-580,4-8,+8613622341234,黄思琪,2025-06-16 14:25:00,1,210,4-i
Callrecord-581,,+8613907128765,李秀英,2025-06-16 18:15:00,1,300,
Callrecord-582,,13973111222,钱永强,2025-06-17 10:05:15,1,150,
Callrecord-583,18-7,13787345678,吴俊杰,2025-06-17 11:45:30,1,160,18-g
Callrecord-584,236-2,13973111222,钱永强,2025-06-17 13:25:05,0,75,236-b
Callrecord-585,,13622341234,黄思琪,2025-06-17 15:55:10,1,210,
Callrecord-586,,+8613807123456,冯建国,2025-06-17 17:35:00,1,200,
Callrecord-587,,+8613787349876,郑文博,2025-06-18 09:05:00,0,150,
Callrecord-588,4-9,+8613973111222,钱永强,2025-06-18 09:32:15,1,630,4-j
Callrecord-589,,+8613907128765,李秀英,2025-06-18 12:15:00,0,330,
Callrecord-590,,+86137073111222,钱永强,2025-06-18 12:45:00,1,330,
Callrecord-591,,+8613807123456,冯建国,2025-06-18 15:05:00,0,315,
Callrecord-592,,+8613622341234,黄思琪,2025-06-18 17:30:00,1,525,
Callrecord-593,239-1-3,+8613622345678,张明轩,2025-06-18 21:45:00,1,4500,239-a
Callrecord-594,,+8613622341234,黄思琪,2025-06-19 10:15:00,1,450,
Callrecord-595,,+8613807123456,冯建国,2025-06-20 08:10:00,1,330,
Callrecord-596,,+8613973111222,钱永强,2025-06-20 11:45:00,1,210,
Callrecord-597,,+8613622345678,张明轩,2025-06-20 12:40:00,0,720,
Callrecord-598,,4001234567,静界瑜伽生活馆,2025-06-20 18:45:00,1,150,
Callrecord-599,5-2,+8613907128765,李秀英,2025-06-20 19:30:00,0,735,5-b
Callrecord-600,5-3,+8613817765432,冯欣然,2025-06-21 09:20:00,0,915,5-c
Callrecord-601,17-5,+8613622345678,张明轩,2025-06-21 13:50:00,1,510,17-e
Callrecord-602,6-6,+8613622344321,徐佳宁,2025-06-21 21:15:00,0,630,6-g
Callrecord-603,,+8613907128765,李秀英,2025-06-22 09:30:00,1,315,
Callrecord-604,18-9,+8613622345566,谢雨桐,2025-06-22 12:45:00,1,210,18-i
Callrecord-605,,+8613787345678,吴俊杰,2025-06-22 14:05:00,0,345,
Callrecord-606,237-3,+8613622341234,黄思琪,2025-06-22 16:30:00,1,310,237-c
Callrecord-607,,+8613907128765,李秀英,2025-06-22 19:15:00,1,630,
Callrecord-608,18-9,+8613787344567,彭雨晴,2025-06-22 19:50:00,1,4500,18-i
Callrecord-609,,+8613907128765,李秀英,2025-06-23 08:15:00,1,330,
Callrecord-610,237-4,+8613973111222,钱永强,2025-06-23 11:30:00,0,315,237-d
Callrecord-611,237-4,+8613818987654,林志豪,2025-06-23 13:25:00,1,180,237-d
Callrecord-612,,+8613973111222,钱永强,2025-06-23 16:45:00,1,345,
Callrecord-613,,+8613807123456,冯建国,2025-06-23 19:15:00,1,630,
Callrecord-614,56-2,+8613622345678,张明轩,2025-06-23 20:15:00,1,435,56-b
Callrecord-615,237-5,+8613973111222,钱永强,2025-06-24 11:35:00,1,330,237-e
Callrecord-616,20-3,+8613622341234,黄思琪,2025-06-24 15:25:00,1,195,20-c
Callrecord-617,,+8613973111222,钱永强,2025-06-24 17:55:00,1,450,
Callrecord-618,,+8613907128765,李秀英,2025-06-24 18:15:00,1,465,
Callrecord-619,,+8613777349876,郑文博,2025-06-24 20:45:00,0,195,
Callrecord-620,56-3,+8613787344567,彭雨晴,2025-06-25 12:10:00,1,330,56-c
Callrecord-621,,+8613807123456,冯建国,2025-06-25 18:30:00,0,615,
Callrecord-622,,+8613723456789,归心苑便利店,2025-06-25 18:50:00,0,150,
Callrecord-623,241-1,+8613787349876,郑文博,2025-06-25 20:05:00,1,465,241-a
Callrecord-624,,+8613973111222,钱永强,2025-06-26 08:58:00,0,270,
Callrecord-625,152-2,0731-88886666,悦动瑜伽生活馆,2025-06-26 09:16:00,1,225,152-b
Callrecord-626,,+8613818987654,林志豪,2025-06-26 09:35:00,1,1035,
Callrecord-627,,+8613973111222,钱永强,2025-06-27 08:55:30,0,405,
Callrecord-628,241-2-3,+8613622341234,黄思琪,2025-06-27 11:20:00,1,510,241-b
Callrecord-629,241-2-3,+8613787349876,郑文博,2025-06-27 15:45:10,0,450,241-b
Callrecord-630,,+8613807123456,冯建国,2025-06-27 17:30:00,1,315,
Callrecord-631,,+8613622345678,张明轩,2025-06-27 20:15:00,0,465,
Callrecord-632,,+8613907128765,李秀英,2025-06-27 21:35:00,1,930,
Callrecord-633,7-8-1,+8613973111222,钱永强,2025-06-29 11:45:00,1,330,7-l
Callrecord-634,,+8613622344321,徐佳宁,2025-06-29 13:15:00,1,435,
Callrecord-635,,+8613807123456,冯建国,2025-06-29 17:30:00,1,1500,
Callrecord-636,,+8613622341234,黄思琪,2025-06-30 13:25:00,0,210,
Callrecord-637,241-3,+8613973111222,钱永强,2025-06-30 14:05:00,1,195,241-c
Callrecord-638,7-9,+8613807123456,冯建国,2025-06-30 20:40:00,1,2400,7-m
Callrecord-639,79-1,+8613973111222,钱永强,2025-07-01 08:45:00,0,210,79-a
Callrecord-640,20-7,+8613887123456,黄思琪,2025-07-01 11:30:00,1,615,20-g
Callrecord-641,,+8613907128765,李秀英,2025-07-01 12:35:00,0,430,
Callrecord-642,22-1,+8613622345566,谢雨桐,2025-07-01 13:25:00,1,225,22-a
Callrecord-643,20-7,+8613622341234,黄思琪,2025-07-01 14:05:00,1,1820,20-g
Callrecord-644,241-4,+8613777349876,郑文博,2025-07-01 17:25:00,1,130,241-d
Callrecord-645,,+8613817765432,冯欣然,2025-07-01 17:55:00,0,900,
Callrecord-646,126-2,+8613787345689,陆家明,2025-07-01 20:15:00,1,600,126-b
Callrecord-647,,+8613807123456,冯建国,2025-07-01 20:50:00,1,1800,
Callrecord-648,79-2,+8613973111222,钱永强,2025-07-02 10:15:00,1,450,79-b
Callrecord-649,20-8,+8613622341234,黄思琪,2025-07-02 11:45:00,1,195,20-h
Callrecord-650,20-8,+8613672341234,黄思琪,2025-07-02 14:05:00,1,300,20-h
Callrecord-651,22-2,+8613622345566,谢雨桐,2025-07-02 20:15:00,1,600,22-b
Callrecord-652,20-9,+8613857123456,孙晓雅,2025-07-03 14:15:30,1,760,20-i
Callrecord-653,,+8613973111222,钱永强,2025-07-03 16:45:00,0,435,
Callrecord-654,64-1,+8613817765432,冯欣然,2025-07-03 20:00:00,1,2700,64-a
Callrecord-655,138-11,+8613907128765,李秀英,2025-07-04 08:45:00,1,315,138-k
Callrecord-656,79-4,+8613787349876,郑文博,2025-07-04 10:05:00,0,210,79-d
Callrecord-657,,+8613622341234,黄思琪,2025-07-04 11:30:00,1,525,
Callrecord-658,,+8613787345689,陆家明,2025-07-04 14:15:00,1,210,
Callrecord-659,139-9-1,+8613622344321,徐佳宁,2025-07-05 06:00:00,1,1500,139-i
Callrecord-660,56-8,+8613907128765,李秀英,2025-07-05 13:30:00,1,900,56-h
Callrecord-661,20-11,+8613672341234,黄思琪,2025-07-05 21:50:00,1,900,20-k
Callrecord-662,56-9-2,+8613622344321,徐佳宁,2025-07-06 21:35:00,1,435,56-i
Callrecord-663,64-3,+8613817765432,冯欣然,2025-07-07 07:45:00,1,330,64-c
Callrecord-664,,+8613973111222,钱永强,2025-07-07 12:45:00,0,195,
Callrecord-665,20-12,+8613973111222,钱永强,2025-07-07 14:30:00,1,315,20-l
Callrecord-666,,+8613787349876,郑文博,2025-07-08 08:28:00,1,255,
Callrecord-667,20-13,+8610701234567,公司法务部,2025-07-08 10:35:00,1,225,20-m
Callrecord-668,,+8613622341234,黄思琪,2025-07-08 11:45:00,1,210,
Callrecord-669,,+8613973111222,钱永强,2025-07-08 14:45:00,1,330,
Callrecord-670,,+8613622344321,徐佳宁,2025-07-08 19:05:00,1,420,
Callrecord-671,21-3,+8613787343210,高云飞,2025-07-09 06:40:00,1,150,21-c
Callrecord-672,79-8,+8613973111222,钱永强,2025-07-09 09:45:00,0,420,79-h
Callrecord-673,20-14,010-12345678,刘经理,2025-07-09 10:25:00,1,600,20-n
Callrecord-674,,+8613622341234,黄思琪,2025-07-09 11:15:00,1,450,
Callrecord-675,,+8613807123456,冯建国,2025-07-09 12:30:00,0,480,
Callrecord-676,241-7,+8613973111222,钱永强,2025-07-09 14:35:00,1,330,241-g
Callrecord-677,,+8613787349876,郑文博,2025-07-09 17:50:00,1,315,
Callrecord-678,20-15-1,+8613622341234,黄思琪,2025-07-10 11:15:00,1,450,20-o
Callrecord-679,,+8613787349876,郑文博,2025-07-10 12:05:00,0,135,
Callrecord-680,64-6,+8613817765432,冯欣然,2025-07-10 13:15:00,1,1245,64-f
Callrecord-681,20-15-1,+8613857123456,孙晓雅,2025-07-10 14:30:00,1,910,20-o
Callrecord-682,79-9,+8613973111222,钱永强,2025-07-10 17:45:00,1,630,79-i
Callrecord-683,,+8613612345678,谢雨桐,2025-07-10 20:15:00,1,645,
Callrecord-684,79-10,+8613787349876,郑文博,2025-07-11 07:12:00,1,480,79-j
Callrecord-685,22-7,+8613622345566,谢雨桐,2025-07-11 07:40:00,1,150,22-g
Callrecord-686,22-7,+8613622344321,徐佳宁,2025-07-11 08:25:00,0,300,22-g
Callrecord-687,22-7,+8613622341234,黄思琪,2025-07-11 13:25:00,0,420,22-g
Callrecord-688,22-7,+8613622345566,谢雨桐,2025-07-11 14:15:00,0,150,22-g
Callrecord-689,22-7,+8613787343210,高云飞,2025-07-11 18:45:00,1,315,22-g
Callrecord-690,,+8613622344321,徐佳宁,2025-07-12 09:15:00,1,330,
Callrecord-691,24-4,+8613787345689,陆家明,2025-07-12 11:50:00,1,480,24-d
Callrecord-692,,+8613622344321,徐佳宁,2025-07-12 16:30:00,1,735,
Callrecord-693,69-1-1,+8613622345678,张明轩,2025-07-13 10:30:00,0,915,69-a
Callrecord-694,,+8613973111222,钱永强,2025-07-13 20:10:00,1,330,
Callrecord-695,,+8613973111222,钱永强,2025-07-15 08:45:00,1,210,
Callrecord-696,,+8613907128765,李秀英,2025-07-15 18:05:00,1,315,
Callrecord-697,,+8613907128765,李秀英,2025-07-15 18:10:00,1,330,
Callrecord-698,,+8613973128765,李秀英,2025-07-16 08:20:00,1,330,
Callrecord-699,,+8613622341234,黄思琪,2025-07-16 12:30:00,0,315,
Callrecord-700,,+8613807123456,冯建国,2025-07-16 19:45:00,1,435,
Callrecord-701,,+8613787345689,陆家明,2025-07-16 23:12:00,1,390,
Callrecord-702,,+8613907128765,李秀英,2025-07-17 08:50:00,1,195,
Callrecord-703,,+8613622345678,张明轩,2025-07-17 09:30:00,0,345,
Callrecord-704,245-1,+8613818987654,林志豪,2025-07-17 10:05:00,0,210,245-a
Callrecord-705,,+8613807123456,冯建国,2025-07-17 13:20:00,1,310,
Callrecord-706,,+8613857123456,孙晓雅,2025-07-17 14:00:00,1,740,
Callrecord-707,245-6,+8613973111222,钱永强,2025-07-17 15:10:00,1,300,245-a
Callrecord-708,54-1-1,+8613622345678,张明轩,2025-07-17 19:40:00,1,1500,54-a
Callrecord-709,,+8613807123456,冯建国,2025-07-17 20:10:00,0,300,
Callrecord-710,,+8613973111222,钱永强,2025-07-17 22:45:00,1,300,
Callrecord-711,,+8613973111222,钱永强,2025-07-18 08:05:30,0,165,
Callrecord-712,240-2,+8613973111222,钱永强,2025-07-18 10:32:00,1,225,240-b
Callrecord-713,,+8613973111222,钱永强,2025-07-18 17:25:00,1,210,
Callrecord-714,,+8613973111222,钱永强,2025-07-20 16:45:00,1,210,
Callrecord-715,,+8613622345678,张明轩,2025-07-20 21:30:00,0,720,
Callrecord-716,,+8613807123456,冯建国,2025-07-20 22:00:00,1,900,
Callrecord-717,,+8613807123456,冯建国,2025-07-21 12:15:00,0,330,
Callrecord-718,,+8613622344321,徐佳宁,2025-07-21 13:15:00,0,330,
Callrecord-719,20-17-1,+8613622341234,黄思琪,2025-07-21 15:05:00,1,465,20-q
Callrecord-720,,+8613622345678,张明轩,2025-07-22 09:50:00,1,510,
Callrecord-721,,+8613807123456,冯建国,2025-07-22 15:40:00,0,330,
Callrecord-722,,+8613787349876,郑文博,2025-07-23 14:05:00,0,210,
Callrecord-723,,+8613807123456,冯建国,2025-07-23 21:45:00,0,210,
Callrecord-724,240-6-2,+8613807123456,冯建国,2025-07-24 09:40:00,1,330,240-f
Callrecord-725,240-6-3,+8613787344567,彭雨晴,2025-07-24 13:50:05,0,155,240-f
Callrecord-726,242-2,+8613807123456,冯建国,2025-07-24 19:15:00,0,330,242-b
Callrecord-727,,+8613622345678,张明轩,2025-07-24 20:45:00,1,610,
Callrecord-728,240-7-1,4000000000,网约车平台,2025-07-25 11:40:00,1,90,240-g
Callrecord-729,240-7-1,+8613807123456,冯建国,2025-07-25 15:20:00,0,315,240-g
Callrecord-730,240-7-2,+8613973111222,钱永强,2025-07-25 16:45:00,1,210,240-g
Callrecord-731,242-3-2,+8613807123456,冯建国,2025-07-25 20:05:00,0,210,242-c
Callrecord-732,54-2-2,+8613622345678,张明轩,2025-07-26 14:20:00,1,315,54-b
Callrecord-733,54-2-4,+8613622345678,张明轩,2025-07-26 17:25:00,1,225,54-b
Callrecord-734,54-3-1,+8613622345678,张明轩,2025-07-27 09:05:00,0,630,54-c
Callrecord-735,,+8613622345678,张明轩,2025-07-27 10:20:00,1,345,
Callrecord-736,54-3-2,+8613622345678,张明轩,2025-07-27 12:05:00,0,200,54-c
Callrecord-737,,+8613973111222,钱永强,2025-07-27 20:05:00,1,210,
Callrecord-738,54-3-3,+8613622345678,张明轩,2025-07-27 20:40:00,1,735,54-c
Callrecord-739,,+8613622341234,黄思琪,2025-07-28 10:45:00,1,450,
Callrecord-740,,+8613818987654,林志豪,2025-07-28 11:20:00,0,495,
Callrecord-741,126-9-1,+8613622345678,张明轩,2025-07-28 12:05:00,0,465,126-i
Callrecord-742,62-1,+8613857123456,孙晓雅,2025-07-28 14:30:00,1,1100,62-a
Callrecord-743,126-9-1,+8613787344567,彭雨晴,2025-07-28 20:32:15,1,1230,126-i
Callrecord-744,,+8613973111222,钱永强,2025-07-29 08:45:00,0,210,
Callrecord-745,,+8613622341234,黄思琪,2025-07-29 11:20:00,0,915,
Callrecord-746,,13807123456,冯建国,2025-07-29 17:05:00,1,210,
Callrecord-747,20-18,13622341234,黄思琪,2025-07-29 23:35:00,1,195,20-r
Callrecord-748,,13622341234,黄思琪,2025-07-30 14:15:00,1,630,
Callrecord-749,,+8613907128765,李秀英,2025-07-30 19:15:00,1,1200,
Callrecord-750,,+8613622341234,黄思琪,2025-07-30 21:35:00,1,180,
Callrecord-751,,+8613787343210,高云飞,2025-07-31 06:15:00,1,210,
Callrecord-752,113-7-2,+8613787349876,郑文博,2025-07-31 12:50:00,0,900,113-g
Callrecord-753,,+8613973111222,钱永强,2025-07-31 16:45:00,1,450,
Callrecord-754,79-16-2,+8613817765432,冯欣然,2025-07-31 20:40:00,1,1800,79-p
Callrecord-755,20-19,+8613787349876,郑文博,2025-08-01 09:02:05,0,145,20-s
Callrecord-756,20-19,+8613622345678,张明轩,2025-08-01 10:15:00,0,315,20-s
Callrecord-757,,+8613807123456,冯建国,2025-08-01 10:30:00,0,720,
Callrecord-758,20-19,+8613818987654,林志豪,2025-08-01 11:25:40,0,150,20-s
Callrecord-759,,+8613787344567,彭雨晴,2025-08-01 21:10:00,1,900,
Callrecord-760,24-6,+8613787345689,陆家明,2025-08-02 08:45:00,1,210,24-f
Callrecord-761,,+8613778734567,沈心怡,2025-08-02 14:05:00,1,210,
Callrecord-762,24-6,+8613778734567,吴俊杰,2025-08-02 17:45:00,1,195,24-f
Callrecord-763,44-3,+8613787343210,高云飞,2025-08-03 06:05:00,1,180,44-c
Callrecord-764,,+8613907128765,李秀英,2025-08-03 16:30:00,0,720,
Callrecord-765,,+8613973111222,钱永强,2025-08-04 08:45:00,0,150,
Callrecord-766,80-3-1,+861387149876,孙晓雅,2025-08-04 10:15:00,1,315,80-c
Callrecord-767,,+8613622341234,黄思琪,2025-08-04 14:30:00,0,345,
Callrecord-768,,+8613622341234,黄思琪,2025-08-04 19:50:00,0,900,
Callrecord-769,,+8613807123456,冯建国,2025-08-04 20:50:00,1,1800,
Callrecord-770,,+8613622345678,张明轩,2025-08-04 21:05:00,1,600,
Callrecord-771,,+8613907128765,李秀英,2025-08-05 08:40:00,0,750,
Callrecord-772,156-1-2,+8613812345678,李哲,2025-08-05 13:00:00,1,1680,156-a
Callrecord-773,,+8613622341234,黄思琪,2025-08-05 15:45:00,0,780,
Callrecord-774,,+8613973111222,钱永强,2025-08-05 16:50:00,1,330,
Callrecord-775,,+8613907128765,李秀英,2025-08-05 17:50:00,1,900,
Callrecord-776,49-2,+8613622344321,徐佳宁,2025-08-05 19:50:00,1,900,49-b
Callrecord-777,,+8613622345678,张明轩,2025-08-05 21:15:00,0,600,
Callrecord-778,,+8613622341234,黄思琪,2025-08-06 10:45:00,0,420,
Callrecord-779,,+8613818987654,林志豪,2025-08-06 11:15:00,1,480,
Callrecord-780,153-7,+8613787343210,高云飞,2025-08-07 06:40:00,0,330,153-g
Callrecord-781,,+8613787345689,陆家明,2025-08-07 11:30:00,1,315,
Callrecord-782,,+8613807123456,冯建国,2025-08-07 19:45:00,1,450,
Callrecord-783,80-5-2,+8613973111222,钱永强,2025-08-08 11:45:00,1,450,80-e
Callrecord-784,80-5-2,+8613622341234,黄思琪,2025-08-08 16:20:00,0,495,80-e
Callrecord-785,,13807123456,冯建国,2025-08-08 20:20:00,1,1800,
Callrecord-786,,+8613807123456,冯建国,2025-08-09 10:30:00,1,912,
Callrecord-787,65-2,+8613622345678,张明轩,2025-08-09 12:20:00,0,330,65-b
Callrecord-788,,+8613817765432,冯欣然,2025-08-09 21:05:00,0,810,
Callrecord-789,,+8613907128765,李秀英,2025-08-10 08:15:00,1,330,
Callrecord-790,,+8613622345678,张明轩,2025-08-10 09:45:00,1,195,
Callrecord-791,,+8613807123456,冯建国,2025-08-10 09:50:00,0,225,
Callrecord-792,,+8613622349876,王丽娜,2025-08-10 10:30:00,0,320,
Callrecord-793,248-1-2,+8613622344321,徐佳宁,2025-08-10 14:30:00,1,910,248-a
Callrecord-794,248-1-2,+8613622345678,张明轩,2025-08-10 19:45:00,0,450,248-a
Callrecord-795,,+8613907128765,李秀英,2025-08-10 20:25:00,1,375,
Callrecord-796,25-7,+8613807123456,冯建国,2025-08-10 21:30:00,1,1800,25-g
Callrecord-797,249-1-1,+8613907128765,李秀英,2025-08-11 10:30:00,1,495,249-a
Callrecord-798,249-1-2,+8613857123456,孙晓雅,2025-08-11 13:25:00,1,190,249-a
Callrecord-799,,+8613973111222,钱永强,2025-08-11 16:50:00,0,345,
Callrecord-800,249-2-2,+8613787349876,郑文博,2025-08-12 11:55:00,1,150,249-b
Callrecord-801,249-2-2,+8613857123456,孙晓雅,2025-08-12 15:45:00,1,810,249-b
Callrecord-802,,+8613907128765,李秀英,2025-08-12 19:35:00,1,1020,
Callrecord-803,,+8613787343210,高云飞,2025-08-13 06:05:00,1,210,
Callrecord-804,65-3,+8613787344567,彭雨晴,2025-08-13 18:20:00,1,510,65-c
Callrecord-805,,+8613907128765,李秀英,2025-08-13 18:40:00,1,1800,
Callrecord-806,,+861387149876,孙晓雅,2025-08-14 08:30:00,1,915,
Callrecord-807,,+8613787349876,郑文博,2025-08-14 10:15:00,0,330,
Callrecord-808,,+8613612345678,张明轩,2025-08-14 21:45:00,1,630,
Callrecord-809,114-2,13622341234,黄思琪,2025-08-15 16:10:00,1,510,114-b
Callrecord-810,,+8613907128765,李秀英,2025-08-15 18:30:00,1,600,
Callrecord-811,114-2,+8613807123456,冯建国,2025-08-15 21:15:00,0,600,114-b
Callrecord-812,,+86137787343210,高云飞,2025-08-16 06:20:00,0,330,
Callrecord-813,,+8613817765432,冯欣然,2025-08-16 09:50:00,1,195,
Callrecord-814,,+8613787349876,郑文博,2025-08-16 19:05:00,1,330,
Callrecord-815,65-6,+8613907128765,李秀英,2025-08-17 07:15:00,0,330,65-f
Callrecord-816,27-1,+8613622345566,谢雨桐,2025-08-17 22:15:00,1,330,27-a
Callrecord-817,,+8613787349876,郑文博,2025-08-18 08:10:00,1,630,
Callrecord-818,80-9,+8613973111222,钱永强,2025-08-18 11:45:00,1,435,80-i
Callrecord-819,,+8613907128765,李秀英,2025-08-18 20:40:00,1,1800,
Callrecord-820,49-5,+8613787343210,高云飞,2025-08-19 07:15:00,1,300,49-e
Callrecord-821,80-10,+8613857123456,孙晓雅,2025-08-19 11:35:00,1,600,80-j
Callrecord-822,80-11,+8613787349876,郑文博,2025-08-20 08:35:00,0,315,80-k
Callrecord-823,,+8613973111222,钱永强,2025-08-20 09:15:00,1,210,
Callrecord-824,,+8613907128765,李秀英,2025-08-20 12:20:00,1,525,
Callrecord-825,143-1,+8613622346677,罗振宇,2025-08-20 21:35:15,1,805,143-a
Callrecord-826,,+8613907128765,李秀英,2025-08-21 07:50:00,1,330,
Callrecord-827,251-1-1,+8613807123456,冯建国,2025-08-21 13:45:00,0,435,251-a
Callrecord-828,,+8613622341234,黄思琪,2025-08-21 16:15:00,1,330,
Callrecord-829,27-4,+8613787344567,彭雨晴,2025-08-21 20:10:00,1,525,27-d
Callrecord-830,,+8613817765432,冯欣然,2025-08-22 08:15:00,0,330,
Callrecord-831,80-13,+8613973111222,钱永强,2025-08-22 09:45:00,0,315,80-m
Callrecord-832,,+8613622341234,黄思琪,2025-08-22 15:05:00,0,465,
Callrecord-833,,+8613973111222,钱永强,2025-08-22 17:15:00,1,330,
Callrecord-834,,+8613787343210,高云飞,2025-08-23 07:55:00,1,420,
Callrecord-835,,+8613907128765,李秀英,2025-08-23 10:15:00,1,780,
Callrecord-836,,+8613817765432,冯欣然,2025-08-24 20:15:00,0,630,
Callrecord-837,,+8613907111111,钱永强,2025-08-25 08:15:00,0,150,
Callrecord-838,,+8613622345678,黄思琪,2025-08-25 08:45:00,1,195,
Callrecord-839,252-1-5,+8613622341234,黄思琪,2025-08-25 14:15:00,0,330,252-a
Callrecord-840,143-5,+8613622346677,罗振宇,2025-08-25 21:30:00,1,1500,143-e
Callrecord-841,,+8613907128765,李秀英,2025-08-26 12:50:00,1,225,
Callrecord-842,252-2,+8613973111222,钱永强,2025-08-26 13:45:00,1,210,252-b
Callrecord-843,,+8613607123456,张明轩,2025-08-26 18:15:00,0,210,
Callrecord-844,,+8613907128765,李秀英,2025-08-26 21:50:00,1,1800,
Callrecord-845,,+8613907128765,李秀英,2025-08-27 12:35:00,1,795,
Callrecord-846,,+8613622341234,黄思琪,2025-08-27 13:25:00,1,600,
Callrecord-847,144-2,+8613622346677,罗振宇,2025-08-27 21:30:00,1,900,144-b
Callrecord-848,26-4,+8613622341234,黄思琪,2025-08-28 09:45:00,1,330,26-d
Callrecord-849,,+8613973111222,钱永强,2025-08-28 13:15:00,0,330,
Callrecord-850,121-2,+861372345689,陆家明,2025-08-28 17:20:00,1,345,121-b
Callrecord-851,,+8613907128765,李秀英,2025-08-29 08:35:00,1,315,
Callrecord-852,,+8613622341234,黄思琪,2025-08-29 10:15:00,1,630,
Callrecord-853,,+8613787349876,郑文博,2025-08-29 11:55:00,0,130,
Callrecord-854,144-3,+8613622346677,罗振宇,2025-08-29 13:20:00,1,525,144-c
Callrecord-855,,+8613818987654,林志豪,2025-08-29 15:10:00,1,500,
Callrecord-856,80-15,+8613907128765,李秀英,2025-08-29 16:05:00,1,450,80-o
Callrecord-857,,+8613612345678,高云飞,2025-08-29 21:15:00,0,465,
Callrecord-858,255-2-2,+8613807123456,冯建国,2025-08-30 09:18:30,0,225,255-b
Callrecord-859,255-2-2,+8613622344321,徐佳宁,2025-08-30 11:05:45,1,145,255-b
Callrecord-860,,+8613907128765,李秀英,2025-08-30 17:20:00,1,495,
Callrecord-861,,+8613907128765,李秀英,2025-08-31 13:20:00,1,915,
Callrecord-862,153-10,+8613787349876,郑文博,2025-08-31 14:45:00,1,450,153-j
Callrecord-863,,+8613672341234,黄思琪,2025-08-31 16:30:00,1,525,
Callrecord-864,,+8613807123456,冯建国,2025-08-31 19:05:00,1,210,
Callrecord-865,253-5-1,+8613907128765,李秀英,2025-08-31 19:30:00,1,3600,253-e
Callrecord-866,,+8613777349876,郑文博,2025-09-01 08:55:00,1,600,
Callrecord-867,267-1,+8613877123456,孙晓雅,2025-09-01 09:25:00,1,300,267-a
Callrecord-868,114-6,+8613973111222,钱永强,2025-09-01 11:45:00,0,420,114-f
Callrecord-869,,+8613973111222,钱永强,2025-09-01 17:45:00,1,450,
Callrecord-870,,+8613973111222,钱永强,2025-09-02 09:05:30,0,100,
Callrecord-871,144-5,+8613622346677,罗振宇,2025-09-02 12:45:00,1,2400,144-e
Callrecord-872,,+8613973111222,钱永强,2025-09-02 14:30:00,0,900,
Callrecord-873,267-3,+8613787349876,郑文博,2025-09-03 09:40:00,0,195,267-c
Callrecord-874,,+8613973111222,钱永强,2025-09-03 13:45:00,1,630,
Callrecord-875,,+8613787349876,郑文博,2025-09-04 08:45:00,1,150,
Callrecord-876,267-4,+8613973111222,钱永强,2025-09-04 09:45:00,0,315,267-d
Callrecord-877,,+8613818987654,林志豪,2025-09-04 11:10:00,0,525,
Callrecord-878,,+8613787349876,郑文博,2025-09-04 12:05:00,1,200,
Callrecord-879,28-2,+8613807123456,冯建国,2025-09-04 13:25:00,1,600,28-b
Callrecord-880,,+8613722345678,林志豪,2025-09-04 16:45:00,0,420,
Callrecord-881,114-7,+8613622345678,张明轩,2025-09-05 09:45:00,0,435,114-g
Callrecord-882,259-1,+8613973111222,钱永强,2025-09-05 14:30:00,0,930,259-a
Callrecord-883,256-3,+8613622341234,黄思琪,2025-09-05 15:00:00,1,7080,256-c
Callrecord-884,,+8613622341234,黄思琪,2025-09-05 17:05:00,1,210,
Callrecord-885,,+8613907128765,李秀英,2025-09-05 17:45:00,1,630,
Callrecord-886,,+8613787344567,彭雨晴,2025-09-05 18:25:00,1,195,
Callrecord-887,48-7,+8613787344567,彭雨晴,2025-09-05 19:45:00,0,180,48-a
Callrecord-888,48-7,+8613907128765,李秀英,2025-09-05 20:15:00,1,1200,48-a
Callrecord-889,260-4,+8613787343210,高云飞,2025-09-06 10:15:00,1,330,260-a
Callrecord-890,260-4,+8613907128765,李秀英,2025-09-06 11:30:00,0,495,260-a
Callrecord-891,,+8613622345678,张明轩,2025-09-06 13:20:00,0,345,
Callrecord-892,,13622346677,罗振宇,2025-09-06 19:40:00,1,150,
Callrecord-893,146-3,13622346677,罗振宇,2025-09-06 19:50:00,1,7500,146-c
Callrecord-894,,13787346789,沈心怡,2025-09-07 12:05:15,1,150,
Callrecord-895,259-3,+8613807123456,冯建国,2025-09-07 18:20:00,1,3600,259-c
Callrecord-896,257-4-1,+8613973111222,钱永强,2025-09-08 09:15:00,1,210,257-d
Callrecord-897,114-8,+8613807123456,冯建国,2025-09-08 15:05:00,0,420,114-h
Callrecord-898,267-5-2,+8613973111222,钱永强,2025-09-08 17:05:00,1,210,267-e
Callrecord-899,265-2-2,+8613807123456,冯建国,2025-09-08 19:30:00,1,900,265-b
Callrecord-900,,+8613907128765,李秀英,2025-09-09 18:15:00,1,450,
Callrecord-901,153-13,+8613600000000,静心流瑜伽,2025-09-09 19:05:00,0,150,153-m
Callrecord-902,265-3,+8613907128765,李秀英,2025-09-09 20:55:00,1,600,265-c
Callrecord-903,,+8613787343210,高云飞,2025-09-10 06:45:00,1,1200,
Callrecord-904,,+8613622341234,黄思琪,2025-09-10 11:30:00,1,900,
Callrecord-905,267-7,+8613622341234,黄思琪,2025-09-10 13:30:00,1,1500,267-g
Callrecord-906,,+8613817765432,冯欣然,2025-09-10 17:45:00,0,900,
Callrecord-907,,+86137787349876,郑文博,2025-09-11 09:50:00,0,330,
Callrecord-908,26-5-2,+8613622341234,黄思琪,2025-09-11 13:50:00,1,900,26-e
Callrecord-909,146-4-2,+8613622346677,罗振宇,2025-09-11 21:15:00,0,600,146-d
Callrecord-910,,+8613973111222,钱永强,2025-09-12 08:45:00,1,210,
Callrecord-911,267-8-1,+8613818987654,林志豪,2025-09-12 09:55:00,0,600,267-h
Callrecord-912,,+8613807123456,冯建国,2025-09-12 11:15:00,0,300,
Callrecord-913,256-5,+8613818987654,林志豪,2025-09-12 18:05:00,1,210,256-e
Callrecord-914,267-8-2,+8613622341234,黄思琪,2025-09-12 19:30:00,0,315,267-h
Callrecord-915,,+8613907128765,李秀英,2025-09-13 09:00:00,0,510,
Callrecord-916,,+8613622345678,张明轩,2025-09-13 20:15:00,0,630,
Callrecord-917,,+8613907128765,李秀英,2025-09-13 21:55:00,1,1380,
Callrecord-918,27-8,4008208820,携程旅行,2025-09-14 11:25:00,1,210,27-h
Callrecord-919,,13622345678,张明轩,2025-09-14 12:45:00,0,435,
Callrecord-920,127-2-6,+8613622344321,徐佳宁,2025-09-14 21:10:00,1,1500,127-b
Callrecord-921,,+8613907128765,李秀英,2025-09-14 21:40:00,1,1200,
Callrecord-922,114-10,+8613973111222,钱永强,2025-09-15 09:30:15,0,330,114-j
Callrecord-923,,+8613622341234,黄思琪,2025-09-15 11:20:00,1,510,
Callrecord-924,149-1,+8613857123456,孙晓雅,2025-09-15 14:05:00,1,435,149-a
Callrecord-925,,+8613817765432,冯欣然,2025-09-15 20:05:00,1,210,
Callrecord-926,127-3-1,+8613817765432,冯欣然,2025-09-15 20:30:00,1,2700,127-c
Callrecord-927,127-3-1,+8613907128765,李秀英,2025-09-15 21:20:00,0,900,127-c
Callrecord-928,,+8613622341234,黄思琪,2025-09-16 13:35:00,1,1230,
Callrecord-929,,13807123456,冯建国,2025-09-17 09:15:00,0,210,
Callrecord-930,,13787349876,郑文博,2025-09-17 11:20:15,1,210,
Callrecord-931,,+8613973111222,钱永强,2025-09-17 16:50:00,0,330,
Callrecord-932,,+8613622345678,张明轩,2025-09-17 20:35:00,1,435,
Callrecord-933,,+8613807123456,冯建国,2025-09-18 12:05:00,1,330,
Callrecord-934,,+8613622345678,张明轩,2025-09-18 19:55:00,0,630,
Callrecord-935,30-7-2,+8613807123456,冯建国,2025-09-18 20:50:00,1,1800,30-g
Callrecord-936,30-8,+8613722345678,彭雨晴,2025-09-19 17:05:00,1,210,30-h
Callrecord-937,,+8613907128765,李秀英,2025-09-20 10:35:00,1,195,
Callrecord-938,,+8613807123456,冯建国,2025-09-20 18:05:00,1,450,
Callrecord-939,,+8613622345678,张明轩,2025-09-21 22:25:05,0,340,
Callrecord-940,,+8613973111222,钱永强,2025-09-22 17:25:00,0,210,
Callrecord-941,,+8613817765432,冯欣然,2025-09-22 20:45:00,1,1800,
Callrecord-942,,+8613871234567,陆家明,2025-09-22 22:05:00,1,180,
Callrecord-943,,+8613787349876,郑文博,2025-09-23 09:35:00,0,330,
Callrecord-944,,+8613973111222,钱永强,2025-09-23 10:45:00,1,195,
Callrecord-945,,+8613787349876,郑文博,2025-09-23 12:05:00,0,165,
Callrecord-946,,+8613607123456,张明轩,2025-09-23 20:20:00,1,915,
Callrecord-947,29-1,+8613973111222,钱永强,2025-09-24 09:30:00,1,315,29-a
Callrecord-948,29-1,+8613973111222,钱永强,2025-09-24 20:25:00,1,345,29-a
Callrecord-949,29-1,+8613807123456,冯建国,2025-09-24 20:45:00,1,1800,29-a
Callrecord-950,29-1,+8613777349876,郑文博,2025-09-24 21:20:00,1,210,29-a
Callrecord-951,29-2-1,+8613877349876,郑文博,2025-09-25 11:45:00,0,210,29-b
Callrecord-952,,+8613877349876,郑文博,2025-09-25 11:55:00,1,130,
Callrecord-953,,+8613907128765,李秀英,2025-09-25 12:15:00,1,345,
Callrecord-954,29-2-2,+8613973111222,钱永强,2025-09-25 15:35:00,0,435,29-b
Callrecord-955,29-2-3,+8613787349876,郑文博,2025-09-25 17:20:00,1,225,29-b
Callrecord-956,29-2-3,+8613807123456,冯建国,2025-09-25 18:05:00,0,210,29-b
Callrecord-957,256-7,+8613678945612,沙龙工作人员,2025-09-25 19:15:00,1,70,256-g
Callrecord-958,,+8613622341234,黄思琪,2025-09-26 08:45:20,1,165,
Callrecord-959,29-3,+8613873087654,林志豪,2025-09-26 10:15:00,0,810,29-c
Callrecord-960,153-12,+8613907128765,李秀英,2025-09-27 08:15:00,1,630,153-l
Callrecord-961,,+8613787349876,郑文博,2025-09-27 13:25:00,0,195,
Callrecord-962,258-7-2,+8613787344567,彭雨晴,2025-09-27 15:45:00,1,210,258-g
Callrecord-963,,+8613907128765,李秀英,2025-09-27 18:30:00,0,345,
Callrecord-964,,+8613807123456,冯建国,2025-09-27 21:00:00,1,900,
Callrecord-965,67-4,+8613622344321,徐佳宁,2025-09-28 08:45:00,1,6300,67-d
Callrecord-966,,+8613907128765,李秀英,2025-09-28 11:50:00,0,510,
Callrecord-967,146-5,+8613622346677,罗振宇,2025-09-28 13:20:00,1,4800,146-e
Callrecord-968,149-7,+8613973111222,钱永强,2025-09-29 09:45:00,1,195,149-g
Callrecord-969,,+861377349876,郑文博,2025-09-29 12:05:00,0,165,
Callrecord-970,,+8613612341234,黄思琪,2025-09-29 14:20:00,1,910,
Callrecord-971,,+8613889000000,老长沙口味虾,2025-09-29 19:55:00,1,210,
Callrecord-972,258-9,+8613787344567,彭雨晴,2025-09-29 22:05:00,1,780,258-i
Callrecord-973,114-11,+8613622341234,黄思琪,2025-09-30 10:15:00,1,450,114-k
Callrecord-974,,+8613818987654,林志豪,2025-09-30 14:45:00,0,610,
Callrecord-975,256-8,+8613807123456,冯建国,2025-09-30 15:45:00,0,440,256-h
Callrecord-976,256-8,+8613777349876,郑文博,2025-09-30 16:10:00,1,525,256-h
Callrecord-977,,+8613907128765,李秀英,2025-09-30 21:45:10,1,450,
Callrecord-978,270-1,+8613907128765,李秀英,2025-10-01 09:25:00,1,300,270-a
Callrecord-979,,+8613622344321,徐佳宁,2025-10-01 09:35:00,0,180,
Callrecord-980,,+8613807123456,冯建国,2025-10-01 10:15:00,1,300,
Callrecord-981,,+8613907128765,李秀英,2025-10-02 13:50:00,1,510,
Callrecord-982,,+8613907128765,李秀英,2025-10-02 20:35:00,1,915,
Callrecord-983,,+8613807123456,冯建国,2025-10-03 09:15:00,1,630,
Callrecord-984,,+8613817765432,冯欣然,2025-10-04 11:50:00,0,330,
Callrecord-985,134-7,+8613787344567,彭雨晴,2025-10-04 20:50:00,1,3600,134-a
Callrecord-986,,+8613622344321,徐佳宁,2025-10-05 06:15:00,1,210,
Callrecord-987,,+8613973111222,钱永强,2025-10-05 16:15:00,0,310,
Callrecord-988,32-9-2,+8613622344321,徐佳宁,2025-10-05 19:15:00,1,210,32-i
Callrecord-989,,+8613807123456,冯建国,2025-10-05 21:35:00,0,315,
Callrecord-990,,+8613907128765,李秀英,2025-10-05 23:10:00,1,1500,
Callrecord-991,32-10,+8613807123456,冯建国,2025-10-06 13:25:00,0,195,32-j
Callrecord-992,270-2-2,+8613807123456,冯建国,2025-10-06 20:00:00,1,4800,270-b
Callrecord-993,,+8613907128765,李秀英,2025-10-07 09:45:00,1,420,
Callrecord-994,31-3-1,+8613807123456,冯建国,2025-10-07 13:35:00,1,630,31-c
Callrecord-995,,+8613973111222,钱永强,2025-10-08 08:55:00,1,450,
Callrecord-996,67-5,+8613807123456,冯建国,2025-10-08 11:40:00,0,495,67-e
Callrecord-997,,+8613973111222,钱永强,2025-10-08 16:50:00,1,330,
Callrecord-998,,+8613807123456,冯建国,2025-10-08 17:45:00,1,315,
Callrecord-999,31-1,+8613817765432,冯欣然,2025-10-08 20:15:00,1,180,31-a
Callrecord-1000,77-1,+8613622344321,徐佳宁,2025-10-09 08:25:00,1,615,77-a
Callrecord-1001,,+8613817765432,冯欣然,2025-10-09 12:15:00,0,450,
Callrecord-1002,,+8613807123456,冯建国,2025-10-09 18:30:00,1,315,
Callrecord-1003,135-4,+8613787344567,彭雨晴,2025-10-09 18:45:00,1,210,135-d
Callrecord-1004,,+8613787345678,吴俊杰,2025-10-09 21:02:00,1,165,
Callrecord-1005,276-3,+8613807123456,冯建国,2025-10-09 21:10:00,1,320,276-c
Callrecord-1006,,+8613723456789,王经理,2025-10-10 14:30:15,1,333,
Callrecord-1007,135-5,+8613622348877,董浩然,2025-10-10 18:40:00,1,150,135-e
Callrecord-1008,135-5,+8613622348877,董浩然,2025-10-10 19:30:00,1,4500,135-e
Callrecord-1009,135-5,+8613818905678,蔡文静,2025-10-10 20:55:00,1,4500,135-e
Callrecord-1010,,+8613787349876,郑文博,2025-10-11 14:50:00,1,510,
Callrecord-1011,,+8613907128765,李秀英,2025-10-11 18:40:00,1,1200,
Callrecord-1012,,+8613907128765,李秀英,2025-10-12 08:45:00,0,435,
Callrecord-1013,,+8613787349876,郑文博,2025-10-12 12:05:00,1,210,
Callrecord-1014,,+8613622341234,黄思琪,2025-10-12 14:20:00,1,945,
Callrecord-1015,135-6,+8613973111222,钱永强,2025-10-12 20:10:00,1,510,135-f
Callrecord-1016,,+8613723456789,陆家明,2025-10-12 21:35:00,0,195,
Callrecord-1017,,+8613907128765,李秀英,2025-10-13 08:40:00,0,930,
Callrecord-1018,,+8613973111222,钱永强,2025-10-13 09:10:00,1,345,
Callrecord-1019,,+8613807123456,冯建国,2025-10-13 09:18:00,0,270,
Callrecord-1020,272-1-2,+8613973111222,钱永强,2025-10-13 14:30:00,1,900,272-a
Callrecord-1021,,+86137787349876,郑文博,2025-10-14 08:55:00,1,330,
Callrecord-1022,,+8613857123456,孙晓雅,2025-10-14 10:45:00,1,435,
Callrecord-1023,,+8613622345678,张明轩,2025-10-14 12:45:00,0,210,
Callrecord-1024,272-2-1,+8613622341234,黄思琪,2025-10-14 13:40:00,1,210,272-b
Callrecord-1025,,+86138217765432,冯欣然,2025-10-14 18:20:00,0,915,
Callrecord-1026,,+8613622344321,徐佳宁,2025-10-14 21:10:00,1,1830,
Callrecord-1027,,+8613728734567,沈心怡,2025-10-15 17:05:00,1,150,
Callrecord-1028,77-2-1,+8613787346789,沈心怡,2025-10-16 08:05:00,1,150,77-b
Callrecord-1029,272-3,+8613622341234,黄思琪,2025-10-16 10:00:00,1,1080,272-c
Callrecord-1030,,+8613871387654,林志豪,2025-10-16 11:45:00,0,210,
Callrecord-1031,,+8613907118765,李秀英,2025-10-16 13:45:00,0,420,
Callrecord-1032,77-2-1,+8613622344321,徐佳宁,2025-10-16 15:20:00,1,300,77-b
Callrecord-1033,77-2-1,+8613622344321,徐佳宁,2025-10-16 18:10:00,1,150,77-b
Callrecord-1034,,+8613907128765,李秀英,2025-10-16 22:45:00,1,315,
Callrecord-1035,,+8613973111222,钱永强,2025-10-16 23:05:00,1,210,
Callrecord-1036,131-1,+8613612345678,数字人民币客服,2025-10-17 07:45:00,1,330,131-a
Callrecord-1037,,+8613817765432,冯欣然,2025-10-17 08:25:00,0,315,
Callrecord-1038,,+8613622341234,黄思琪,2025-10-17 10:15:00,1,345,
Callrecord-1039,,+8613807123456,冯建国,2025-10-17 12:30:00,0,600,
Callrecord-1040,,+8613973111222,钱永强,2025-10-17 14:00:00,1,330,
Callrecord-1041,,+8613907128765,李秀英,2025-10-18 08:30:00,1,615,
Callrecord-1042,154-10-1,+8613807123456,冯建国,2025-10-18 15:45:00,1,630,154-j
Callrecord-1043,,+8613910712876,李秀英,2025-10-18 18:20:00,0,915,
Callrecord-1044,140-10-2,+8613622344321,徐佳宁,2025-10-18 18:40:00,1,9000,140-j
Callrecord-1045,,+8613777344567,彭雨晴,2025-10-19 11:20:00,0,915,
Callrecord-1046,,+8613777346789,沈心怡,2025-10-19 13:45:00,1,450,
Callrecord-1047,,+8613777344567,彭雨晴,2025-10-19 15:20:00,1,510,
Callrecord-1048,31-5,+8613907128765,李秀英,2025-10-20 07:25:00,1,210,31-e
Callrecord-1049,92-6,+8613973111222,钱永强,2025-10-20 11:45:00,1,195,92-f
Callrecord-1050,74-1,106900001234,校友会公众号,2025-10-20 12:55:00,0,90,74-a
Callrecord-1051,,+8613807123456,冯建国,2025-10-21 08:45:00,0,450,
Callrecord-1052,,+8613973111222,钱永强,2025-10-21 15:20:00,1,495,
Callrecord-1053,,+8613973111222,钱永强,2025-10-22 08:05:00,1,210,
Callrecord-1054,,+8613622345678,张明轩,2025-10-22 08:40:00,0,315,
Callrecord-1055,,+8613807123456,冯建国,2025-10-22 09:15:00,0,220,
Callrecord-1056,276-5,+8613907128765,李秀英,2025-10-22 20:40:00,1,900,276-e
Callrecord-1057,,+8613622344321,徐佳宁,2025-10-22 22:35:00,0,420,
Callrecord-1058,,+8613622341234,黄思琪,2025-10-23 10:15:00,1,450,
Callrecord-1059,,+8613807123456,冯建国,2025-10-23 11:30:00,0,495,
Callrecord-1060,275-4,+8613622345678,张明轩,2025-10-23 12:45:00,0,430,275-d
Callrecord-1061,,+8613973111222,钱永强,2025-10-23 14:30:00,1,345,
Callrecord-1062,75-2-1,+8613622344321,徐佳宁,2025-10-23 21:35:00,1,600,75-b
Callrecord-1063,78-4,+8613622344321,徐佳宁,2025-10-23 22:00:00,1,1200,78-d
Callrecord-1064,276-6,+8613907128765,李秀英,2025-10-23 22:20:00,1,900,276-f
Callrecord-1065,271-1,+8613787345678,彭雨晴,2025-10-24 10:45:00,1,210,271-a
Callrecord-1066,,+8613787349876,郑文博,2025-10-24 12:02:00,0,135,
Callrecord-1067,271-1,+8613787345678,吴俊杰,2025-10-24 17:05:00,1,210,271-a
Callrecord-1068,158-1,+8613777345678,李哲,2025-10-25 16:15:00,1,330,158-a
Callrecord-1069,,+8613907128765,李秀英,2025-10-26 08:15:00,1,330,
Callrecord-1070,,+8613807123456,冯建国,2025-10-26 11:20:00,0,315,
Callrecord-1071,,+8613622345566,谢雨桐,2025-10-26 16:28:00,1,432,
Callrecord-1072,44-8-1,+8613787343210,高云飞,2025-10-26 16:30:05,1,1795,44-h
Callrecord-1073,,+8613807123456,冯建国,2025-10-26 19:00:00,1,4500,
Callrecord-1074,,+8613907128765,李秀英,2025-10-27 08:35:00,1,435,
Callrecord-1075,,+8613973111222,钱永强,2025-10-27 09:05:00,0,210,
Callrecord-1076,,+8613818987654,林志豪,2025-10-27 14:20:00,0,910,
Callrecord-1077,,+8613973111222,钱永强,2025-10-27 17:35:00,1,195,
Callrecord-1078,,+8613907128765,李秀英,2025-10-27 18:40:00,0,510,
Callrecord-1079,128-10,+8613622344321,徐佳宁,2025-10-27 19:05:00,1,6000,128-j
Callrecord-1080,,+8613622341234,黄思琪,2025-10-28 10:15:00,1,330,
Callrecord-1081,,+8613907128765,李秀英,2025-10-28 13:05:00,1,645,
Callrecord-1082,,+8613857123456,孙晓雅,2025-10-28 16:05:00,1,630,
Callrecord-1083,,13973111222,钱永强,2025-10-29 11:15:00,0,450,
Callrecord-1084,,13857123456,孙晓雅,2025-10-29 14:45:00,1,495,
Callrecord-1085,276-7,+8613807123456,冯建国,2025-10-29 20:15:00,1,1500,276-g
Callrecord-1086,,+8613622341234,黄思琪,2025-10-30 10:05:00,1,450,
Callrecord-1087,,+8613622345678,张明轩,2025-10-30 12:15:00,0,345,
Callrecord-1088,128-11-3,+8613973111222,钱永强,2025-10-30 16:30:00,0,315,128-k
Callrecord-1089,,+8613622345678,张明轩,2025-10-30 18:40:00,0,495,
Callrecord-1090,,+8613973111222,钱永强,2025-10-31 10:45:00,1,210,
Callrecord-1091,,+8613821776543,冯欣然,2025-10-31 21:50:00,1,900,
Callrecord-1092,146-7,+8613622346677,罗振宇,2025-11-01 08:45:00,1,1800,146-g
Callrecord-1093,44-9,+8613787343210,高云飞,2025-11-01 13:20:00,0,480,44-i
Callrecord-1094,,+8613907128765,李秀英,2025-11-01 19:45:00,1,810,
Callrecord-1095,96-1,+8613622345678,张明轩,2025-11-01 20:15:00,0,465,96-a
Callrecord-1096,44-10-1,+8613807123456,冯建国,2025-11-02 09:30:00,1,315,44-j
Callrecord-1097,,+8613907128765,李秀英,2025-11-02 12:05:00,0,450,
Callrecord-1098,,+8613787349876,郑文博,2025-11-03 11:55:00,1,150,
Callrecord-1099,44-11,+8613787343210,高云飞,2025-11-03 13:05:00,1,465,44-k
Callrecord-1100,278-1,+8613787349876,郑文博,2025-11-03 17:40:00,0,195,278-a
Callrecord-1101,,+8613973111222,钱永强,2025-11-03 19:25:00,1,210,
Callrecord-1102,,+8613818901234,周雨薇,2025-11-03 19:35:00,0,435,
Callrecord-1103,,+8613807123456,冯建国,2025-11-04 09:30:00,1,315,
Callrecord-1104,,+8613787349876,郑文博,2025-11-04 11:50:00,1,150,
Callrecord-1105,,+8613622341234,黄思琪,2025-11-04 17:55:00,1,600,
Callrecord-1106,,+8613787343210,高云飞,2025-11-04 21:30:00,1,900,
Callrecord-1107,278-3,+8613622341234,黄思琪,2025-11-05 11:45:00,1,330,278-c
Callrecord-1108,,+8613787349876,郑文博,2025-11-05 12:05:00,0,195,
Callrecord-1109,,+8613973111222,钱永强,2025-11-05 17:25:00,1,300,
Callrecord-1110,,+8613807123456,冯建国,2025-11-06 08:55:00,1,600,
Callrecord-1111,,+8613622345678,张明轩,2025-11-06 13:55:00,0,780,
Callrecord-1112,278-4,+8613818987654,林志豪,2025-11-06 15:25:00,1,210,278-d
Callrecord-1113,,+8613820712345,妈妈,2025-11-06 18:10:00,0,165,
Callrecord-1114,,+8613907128765,李秀英,2025-11-06 21:30:00,1,915,
Callrecord-1115,,+8613857123456,孙晓雅,2025-11-07 08:45:00,1,450,
Callrecord-1116,,+8613973111222,钱永强,2025-11-07 10:05:00,0,435,
Callrecord-1117,,+8613907128765,李秀英,2025-11-07 12:30:00,1,525,
Callrecord-1118,,+8613622344321,徐佳宁,2025-11-07 13:45:00,1,320,
Callrecord-1119,,+8613807123456,冯建国,2025-11-07 19:45:00,1,900,
Callrecord-1120,1-13,+8613787343210,高云飞,2025-11-08 08:15:00,1,330,1-s
Callrecord-1121,34-1,+8613907128765,李秀英,2025-11-08 10:35:00,0,315,34-a
Callrecord-1122,35-1-2,+8613817765432,冯欣然,2025-11-08 11:10:00,1,345,35-a
Callrecord-1123,35-1-2,+8613973111222,钱永强,2025-11-08 11:20:00,1,150,35-a
Callrecord-1124,,+8613817765432,冯欣然,2025-11-08 21:15:00,1,210,
Callrecord-1125,,+8613973111222,钱永强,2025-11-08 23:10:00,1,165,
Callrecord-1126,1-14-3,+8613973111222,钱永强,2025-11-09 11:30:00,1,315,1-t
Callrecord-1127,,+8613907128765,李秀英,2025-11-09 18:05:00,1,210,
Callrecord-1128,279-2,+8613817765432,冯欣然,2025-11-09 21:30:00,1,1080,279-b
Callrecord-1129,34-2-1,+8613907128765,李秀英,2025-11-10 08:15:00,1,210,34-b
Callrecord-1130,279-3-2,+8613973111222,钱永强,2025-11-10 10:15:00,1,165,279-c
Callrecord-1131,36-2-3,13973111222,钱永强,2025-11-10 16:20:00,1,495,36-b
Callrecord-1132,36-2-3,13817765432,冯欣然,2025-11-10 21:15:00,0,465,36-b
Callrecord-1133,,+8613622345678,张明轩,2025-11-11 07:25:00,1,600,
Callrecord-1134,34-3,+8613907128765,李秀英,2025-11-11 08:55:00,1,600,34-c
Callrecord-1135,115-1-2,+8613973111222,钱永强,2025-11-11 11:30:00,1,900,115-a
Callrecord-1136,,+8613907128765,李秀英,2025-11-11 18:05:00,1,450,
Callrecord-1137,,+8613973111222,钱永强,2025-11-11 19:35:00,0,435,
Callrecord-1138,,+8613973112222,钱永强,2025-11-12 07:45:00,1,450,
Callrecord-1139,34-4,+8613907128765,李秀英,2025-11-12 17:05:00,1,330,34-d
Callrecord-1140,279-6,+8613807123456,冯建国,2025-11-14 08:40:15,1,135,279-f
Callrecord-1141,2-8,+8613973111222,钱永强,2025-11-14 10:50:10,1,215,2-l
Callrecord-1142,2-8,+8613857123456,孙晓雅,2025-11-14 14:10:05,0,315,2-l
Callrecord-1143,,+8613973111222,钱永强,2025-11-14 16:45:00,1,210,
Callrecord-1144,,+8613622345678,张明轩,2025-11-14 20:45:00,0,420,
Callrecord-1145,2-9-1,+8613973111222,钱永强,2025-11-15 10:45:00,1,420,2-m
Callrecord-1146,34-7,13807123456,冯建国,2025-11-15 16:40:00,1,330,34-g
Callrecord-1147,,+8613907128765,李秀英,2025-11-16 07:05:00,1,450,
Callrecord-1148,,+8613807123456,冯建国,2025-11-16 17:10:00,1,330,
Callrecord-1149,,+8613907128765,李秀英,2025-11-16 19:35:00,0,300,
Callrecord-1150,,+8613787343210,高云飞,2025-11-16 20:30:00,1,900,
Callrecord-1151,,+8613821776543,冯欣然,2025-11-17 09:30:00,0,900,
Callrecord-1152,280-2,027-83661234,同济社区康复站,2025-11-17 15:15:00,1,300,280-b
Callrecord-1153,,+8613817765432,冯欣然,2025-11-17 18:05:00,1,630,
Callrecord-1154,,+8613787344567,彭雨晴,2025-11-17 21:15:00,1,1500,
Callrecord-1155,146-8,+8613622346677,罗振宇,2025-11-18 07:05:00,1,330,146-h
Callrecord-1156,,+8613622345678,张明轩,2025-11-18 14:15:00,0,600,
Callrecord-1157,,+8613817765432,冯欣然,2025-11-18 15:30:00,1,1500,
Callrecord-1158,,13787344567,彭雨晴,2025-11-18 19:50:00,1,1200,
Callrecord-1159,2-5,13973111222,钱永强,2025-11-18 20:35:00,1,420,2-i
Callrecord-1160,,+8613907128765,李秀英,2025-11-19 07:05:00,1,210,
Callrecord-1161,36-7-1,+8613807123456,冯建国,2025-11-19 08:15:00,1,315,36-g
Callrecord-1162,281-2-1,+8610621001234,飞利浦伟康睡眠呼吸体验中心,2025-11-19 13:45:00,1,420,281-b
Callrecord-1163,2-5,+8613973111222,钱永强,2025-11-19 20:15:00,1,210,2-i
Callrecord-1164,2-12,+8613622345678,张明轩,2025-11-20 10:45:05,0,195,2-p
Callrecord-1165,280-4,+8613817765432,冯欣然,2025-11-20 19:05:00,1,1200,280-d
Callrecord-1166,,13787349876,郑文博,2025-11-21 12:05:00,0,210,
Callrecord-1167,,13973111222,钱永强,2025-11-21 15:20:00,1,345,
Callrecord-1168,,+8613907128765,李秀英,2025-11-21 20:15:00,0,450,
Callrecord-1169,81-4,+8613907128765,李秀英,2025-11-22 09:45:00,1,630,81-d
Callrecord-1170,81-4,+8613622345678,张明轩,2025-11-22 10:30:00,0,915,81-d
Callrecord-1171,109-2,+8613817765432,冯欣然,2025-11-22 12:20:00,0,525,109-b
Callrecord-1172,279-10,+8613907128765,李秀英,2025-11-22 21:15:00,1,630,279-j
Callrecord-1173,,+8613907128765,李秀英,2025-11-23 12:05:00,1,1200,
Callrecord-1174,53-2,+8613622346677,罗振宇,2025-11-23 15:00:00,1,2700,53-b
Callrecord-1175,,+8613973111222,钱永强,2025-11-24 09:25:00,1,210,
Callrecord-1176,,+8613817765432,冯欣然,2025-11-24 13:35:00,0,315,
Callrecord-1177,,+8613973111222,钱永强,2025-11-24 16:45:00,1,210,
Callrecord-1178,,+861066000123,XX保险,2025-11-25 08:45:00,0,210,
Callrecord-1179,,+8613973111222,钱永强,2025-11-25 09:40:00,1,135,
Callrecord-1180,3-1,+8613818987654,林志豪,2025-11-25 11:55:00,1,225,3-i
Callrecord-1181,154-15,+8613907128765,李秀英,2025-11-25 12:15:00,0,330,154-o
Callrecord-1182,3-1,+8613818987654,林志豪,2025-11-25 14:50:00,1,190,3-i
Callrecord-1183,110-3,+8613787344567,彭雨晴,2025-11-25 16:45:00,1,620,110-c
Callrecord-1184,,+8613973112222,钱永强,2025-11-26 16:45:00,1,210,
Callrecord-1185,,+8613907128765,李秀英,2025-11-26 20:20:00,1,900,
Callrecord-1186,,+8613622345678,张明轩,2025-11-26 20:50:00,0,900,
Callrecord-1187,158-4-1,+8613622345678,李哲,2025-11-27 09:15:00,1,630,158-d
Callrecord-1188,158-4-2,13800138000,冯浩然,2025-11-27 15:30:00,0,1800,158-d
Callrecord-1189,129-10,+8613622348877,董浩然,2025-11-27 19:40:00,0,735,129-j
Callrecord-1190,116-2,0731-88881234,长沙优动运动康复中心,2025-11-28 07:45:00,1,210,116-b
Callrecord-1191,,+8613907128765,李秀英,2025-11-28 12:50:00,1,900,
Callrecord-1192,3-4,+8613622341234,黄思琪,2025-11-28 13:45:00,1,600,3-l
Callrecord-1193,,+8613818987654,林志豪,2025-11-28 15:20:00,1,480,
Callrecord-1194,98-1,+8613973111222,钱永强,2025-11-28 17:30:00,1,315,98-a
Callrecord-1195,111-2-1,+8613877665544,长沙含浦小动物爱心救助站,2025-11-28 21:25:00,1,220,111-b
Callrecord-1196,40-3,+8613807123456,冯建国,2025-11-28 22:20:00,1,1800,40-c
Callrecord-1197,,+8613907128765,李秀英,2025-11-29 08:10:00,1,615,
Callrecord-1198,106-2-1,+8613622341234,黄思琪,2025-11-29 09:05:00,1,450,106-b
Callrecord-1199,53-3-1,+8613973111222,钱永强,2025-11-29 16:45:00,1,430,53-c
Callrecord-1200,81-7,+8613807123456,冯建国,2025-11-29 20:48:00,0,330,81-g
Callrecord-1201,154-16,+8613907128765,李秀英,2025-11-30 15:10:00,1,345,154-p
Callrecord-1202,288-1,+8613622341234,黄思琪,2025-12-01 10:45:30,1,405,288-a
Callrecord-1203,288-1,+8613807123456,冯建国,2025-12-01 11:20:00,0,345,288-a
Callrecord-1204,,+8613807123456,冯建国,2025-12-01 12:45:10,0,200,
Callrecord-1205,288-1,+8613818987654,林志豪,2025-12-01 16:10:00,1,520,288-a
Callrecord-1206,,+8613807123456,冯建国,2025-12-01 19:05:00,1,1800,
Callrecord-1207,,+8613807123456,冯建国,2025-12-01 19:45:00,0,600,
Callrecord-1208,53-5-1,+8613622341234,黄思琪,2025-12-02 09:40:00,1,210,53-e
Callrecord-1209,,+8613787349876,郑文博,2025-12-02 11:55:00,1,75,
Callrecord-1210,53-5-1,+8613622341234,黄思琪,2025-12-02 13:10:00,1,300,53-e
Callrecord-1211,,+8613622341234,黄思琪,2025-12-03 14:15:00,1,900,
Callrecord-1212,,+8613907128765,李秀英,2025-12-03 17:45:00,1,330,
Callrecord-1213,,+8613622345678,张明轩,2025-12-03 21:30:00,0,915,
Callrecord-1214,40-5,+8613973111222,钱永强,2025-12-04 08:45:00,1,330,40-e
Callrecord-1215,288-3,+8613622341234,黄思琪,2025-12-04 14:20:00,1,315,288-c
Callrecord-1216,,+8613907128765,李秀英,2025-12-04 17:35:00,1,210,
Callrecord-1217,288-3,+8613973111222,钱永强,2025-12-04 20:45:00,1,195,288-c
Callrecord-1218,,+8613807123456,冯建国,2025-12-04 21:10:00,0,345,
Callrecord-1219,288-4,+8613973111222,钱永强,2025-12-05 11:40:00,1,330,288-d
Callrecord-1220,288-4,+8613818987654,林志豪,2025-12-05 17:15:00,1,210,288-d
Callrecord-1221,141-2,+8613807123456,冯建国,2025-12-06 09:15:00,1,330,141-b
Callrecord-1222,,13807123456,冯建国,2025-12-06 21:45:00,0,450,
Callrecord-1223,141-3,+8613622344321,徐佳宁,2025-12-07 14:10:00,1,930,141-c
Callrecord-1224,289-2,+8613622346677,罗振宇,2025-12-07 15:05:00,0,1425,289-b
Callrecord-1225,106-4,+8613807123456,冯建国,2025-12-07 20:00:00,1,2115,106-d
Callrecord-1226,37-3-1,+8613622345678,张明轩,2025-12-08 09:15:00,0,330,37-c
Callrecord-1227,,+8613818987654,林志豪,2025-12-08 11:30:00,1,345,
Callrecord-1228,37-3-4,+8613818987654,林志豪,2025-12-08 14:05:00,1,450,37-c
Callrecord-1229,,+8613622348877,董浩然,2025-12-08 17:45:00,1,315,
Callrecord-1230,,+8613973111222,钱永强,2025-12-09 09:50:00,1,150,
Callrecord-1231,,+8613857123456,孙晓雅,2025-12-09 10:30:00,1,315,
Callrecord-1232,,+8613622341234,黄思琪,2025-12-09 14:15:00,1,225,
Callrecord-1233,,+8613973111222,钱永强,2025-12-10 10:15:00,1,210,
Callrecord-1234,,+8613807123456,冯建国,2025-12-10 17:25:00,1,345,
Callrecord-1235,,+8613622344321,徐佳宁,2025-12-10 20:15:00,1,450,
Callrecord-1236,,+8613622345678,张明轩,2025-12-10 21:12:00,0,405,
Callrecord-1237,41-2-3,+8613807123456,冯建国,2025-12-11 20:25:00,1,915,41-b
Callrecord-1238,41-2-3,+8613907128765,李秀英,2025-12-11 20:45:00,1,1230,41-b
Callrecord-1239,41-2-3,+861377345689,陆家明,2025-12-11 21:15:00,1,645,41-b
Callrecord-1240,288-8,+8613973111222,钱永强,2025-12-12 10:02:00,0,630,288-h
Callrecord-1241,,+8613787349876,郑文博,2025-12-12 15:35:00,1,315,
Callrecord-1242,41-3,+8613817765432,冯欣然,2025-12-14 14:10:00,0,510,41-c
Callrecord-1243,,13973111222,钱永强,2025-12-14 22:25:00,1,195,
Callrecord-1244,,+861387349876,郑文博,2025-12-15 11:45:00,1,330,
Callrecord-1245,,+8613622341234,黄思琪,2025-12-15 13:50:00,1,3000,
Callrecord-1246,107-1-2,400-100-0010,美年大健康,2025-12-16 11:15:00,1,630,107-a
Callrecord-1247,,+8613973111222,钱永强,2025-12-17 08:55:00,0,330,
Callrecord-1248,,+8613821890123,孙晓雅,2025-12-17 10:15:00,1,645,
Callrecord-1249,,+8613622341234,黄思琪,2025-12-17 15:30:00,1,920,
Callrecord-1250,286-2,+8613817765432,冯欣然,2025-12-17 20:45:00,1,810,286-b
Callrecord-1251,286-2,+8613807123456,冯建国,2025-12-17 21:05:00,1,435,286-b
Callrecord-1252,286-3,4001234567,京东健康客服,2025-12-18 12:35:00,1,315,286-c
Callrecord-1253,,+8613887123456,孙晓雅,2025-12-18 14:20:00,0,330,
Callrecord-1254,158-7-2,+8613912345678,李哲,2025-12-18 15:00:00,1,750,158-g
Callrecord-1255,,+8613622341234,黄思琪,2025-12-18 16:50:00,1,345,
Callrecord-1256,290-2-3,+8613777344567,彭雨晴,2025-12-18 21:15:00,1,630,290-b
Callrecord-1257,107-2-1,+8613807123456,冯建国,2025-12-19 12:15:00,1,600,107-b
Callrecord-1258,,+861387149876,孙晓雅,2025-12-19 18:55:00,1,600,
Callrecord-1259,,+8613787343210,高云飞,2025-12-19 19:05:00,1,300,
Callrecord-1260,107-2-1,+8613807123456,冯建国,2025-12-19 21:40:00,1,1200,107-b
Callrecord-1261,154-18-2,+8613622344321,徐佳宁,2025-12-20 08:05:00,1,330,154-r
Callrecord-1262,38-2,+8613973111222,钱永强,2025-12-20 13:50:00,0,1815,38-b
Callrecord-1263,285-1,+8613612345678,张明轩,2025-12-20 14:15:00,0,600,285-a
Callrecord-1264,282-1,+8613973111222,钱永强,2025-12-20 17:05:00,1,210,282-a
Callrecord-1265,285-1,+8613807123456,冯建国,2025-12-20 19:25:00,1,300,285-a
Callrecord-1266,,+8613907128765,李秀英,2025-12-21 08:35:00,1,315,
Callrecord-1267,,+8613807123456,冯建国,2025-12-21 13:10:00,0,345,
Callrecord-1268,87-2,0731-88886666,西湖春天（梅溪湖店）,2025-12-21 14:35:00,1,140,87-b
Callrecord-1269,38-4,4001234567,健康守护APP客服,2025-12-22 07:30:00,1,135,38-d
Callrecord-1270,,+8613973111222,钱永强,2025-12-22 09:05:00,0,225,
Callrecord-1271,282-2-2,+8613807123456,冯建国,2025-12-22 12:20:00,1,310,282-b
Callrecord-1272,,+8613622341234,黄思琪,2025-12-22 14:30:00,1,1500,
Callrecord-1273,286-4-2,+8613807123456,冯建国,2025-12-22 19:35:00,1,2700,286-d
Callrecord-1274,,+8613973111222,钱永强,2025-12-23 10:15:00,1,330,
Callrecord-1275,158-8,+8613907128765,李秀英,2025-12-23 12:05:00,1,345,158-h
Callrecord-1276,,+8613618923456,黄思琪,2025-12-23 15:45:00,1,420,
Callrecord-1277,,+8613907128765,李秀英,2025-12-24 07:20:00,1,330,
Callrecord-1278,,+8613622345678,张明轩,2025-12-24 08:45:00,0,315,
Callrecord-1279,86-1-1,+8613973111222,钱永强,2025-12-24 11:15:00,1,225,86-a
Callrecord-1280,,+8613807123456,冯建国,2025-12-24 12:30:00,1,310,
Callrecord-1281,,+8613622341234,黄思琪,2025-12-24 14:00:00,1,330,
Callrecord-1282,,+8613817765432,冯欣然,2025-12-24 17:55:00,0,320,
Callrecord-1283,,+8613622345678,张明轩,2025-12-24 20:55:00,1,90,
Callrecord-1284,,400-889-5588,京东客服,2025-12-24 21:25:00,1,130,
Callrecord-1285,,+8613973111222,钱永强,2025-12-24 22:30:00,0,315,
Callrecord-1286,,+8613973111222,钱永强,2025-12-25 10:35:00,1,300,
Callrecord-1287,141-5-1,010-12345678,XX保险,2025-12-25 13:15:00,0,210,141-e
Callrecord-1288,38-6,13973111222,钱永强,2025-12-25 16:40:00,1,510,38-f
Callrecord-1289,,13787349876,郑文博,2025-12-25 17:35:00,0,190,
Callrecord-1290,,+8613973111222,钱永强,2025-12-26 09:05:00,0,210,
Callrecord-1291,117-6,+8613907128765,李秀英,2025-12-26 17:05:00,1,450,117-f
Callrecord-1292,117-6,+8613807123456,冯建国,2025-12-26 19:00:00,1,2400,117-f
Callrecord-1293,,+8613787346789,沈心怡,2025-12-27 11:15:00,1,330,
Callrecord-1294,108-1,13807123456,冯建国,2025-12-27 22:50:00,1,510,108-a
Callrecord-1295,108-1,13907128765,李秀英,2025-12-27 23:05:00,1,435,108-a
Callrecord-1296,,+8613807123456,冯建国,2025-12-28 08:35:00,1,630,
Callrecord-1297,,+8613622344321,徐佳宁,2025-12-28 14:50:00,1,900,
Callrecord-1298,108-2-2,+8613807123456,冯建国,2025-12-28 19:05:00,0,450,108-b
Callrecord-1299,158-9-1,+8613612345678,李哲,2025-12-29 11:30:00,0,900,158-i
Callrecord-1300,42-3,+8613787344567,彭雨晴,2025-12-29 12:15:00,1,1200,42-c
Callrecord-1301,158-9-2,13973111222,钱永强,2025-12-29 21:45:00,1,450,158-i
Callrecord-1302,,+8613907128765,李秀英,2025-12-30 08:15:00,0,330,
Callrecord-1303,158-10,+8613973111222,钱永强,2025-12-30 09:30:00,1,900,158-j
Callrecord-1304,,+8613787349876,郑文博,2025-12-30 12:05:00,1,180,
Callrecord-1305,,+8613622341234,黄思琪,2025-12-30 14:45:00,0,420,
Callrecord-1306,284-4,+8613622344321,徐佳宁,2025-12-31 19:15:00,1,330,284-a
Callrecord-1307,284-6,+8613787345678,吴俊杰,2025-12-31 23:55:00,1,615,284-a
