generation_source,id,name,phoneNumber
,Contact-0,冯建国,13807123456
,Contact-1,李秀英,13907128765
,Contact-2,冯欣然,13817765432
,Contact-3,张明轩,13622345678
,Contact-4,陈志远,13510765432
,Contact-5,王丽娜,13622349876
,Contact-6,刘浩然,13622348899
,Contact-7,赵天宇,13622347766
,Contact-8,周雨薇,13818901234
,Contact-9,吴俊杰,13787345678
,Contact-10,郑文博,13787349876
,Contact-11,孙晓雅,13857123456
,Contact-12,钱永强,13973111222
,Contact-13,黄思琪,13622341234
,Contact-14,林志豪,13818987654
,Contact-15,徐佳宁,13622344321
,Contact-16,高云飞,13787343210
,Contact-17,谢雨桐,13622345566
,Contact-18,罗振宇,13622346677
,Contact-19,彭雨晴,13787344567
,Contact-20,董浩然,13622348877
,Contact-21,蔡文静,13818905678
,Contact-22,陆家明,13787345689
,Contact-23,沈心怡,13787346789
