callDirection,contactName,contactTime,generation_source,id,phoneNumber,talkDuration
1,冯建国,2025-01-01 08:05:00,159-1,Callrecord-0,+8613807123456,450
1,董浩然,2025-01-01 08:35:00,159-3,Callrecord-1,+8613622348877,435
1,彭雨晴,2025-01-01 12:00:00,159-5,Callrecord-2,+8613787344567,195
1,李秀英,2025-01-01 19:15:00,159-4,Callrecord-3,+8613907128765,900
1,郑文博,2025-01-02 08:10:00,160-1,Callrecord-4,+8613787349876,150
1,郑文博,2025-01-02 08:40:00,160-1,Callrecord-5,+8613787349876,495
0,黄思琪,2025-01-02 10:05:00,160-1,Callrecord-6,+8613622341234,285
1,钱永强,2025-01-02 13:35:00,160-1,Callrecord-7,+8613973111222,630
1,黄思琪,2025-01-03 14:30:00,,Callrecord-8,+8613622341234,720
1,李秀英,2025-01-03 19:15:00,,Callrecord-9,+8613907128765,1200
0,钱永强,2025-01-04 11:50:05,,Callrecord-10,+8613973111222,195
1,黄思琪,2025-01-04 21:10:00,,Callrecord-11,+8613622341234,900
1,李秀英,2025-01-05 17:30:00,,Callrecord-12,+8613907128765,1800
0,张明轩,2025-01-06 09:05:00,,Callrecord-13,+8613612345678,210
1,郑文博,2025-01-06 11:45:00,,Callrecord-14,+8613787349876,135
1,林志豪,2025-01-06 14:20:00,,Callrecord-15,+8613890187654,345
1,冯建国,2025-01-06 20:40:00,163-1,Callrecord-16,+8613807123456,315
1,黄思琪,2025-01-07 09:45:15,,Callrecord-17,+8613622341234,195
1,孙晓雅,2025-01-07 14:20:00,,Callrecord-18,+8613857123456,915
0,钱永强,2025-01-07 16:50:05,,Callrecord-19,+8613973111222,155
1,李秀英,2025-01-07 17:45:00,,Callrecord-20,+8613907128765,330
1,李秀英,2025-01-07 19:05:00,,Callrecord-21,+8613907128765,1215
1,李秀英,2025-01-08 08:55:00,,Callrecord-22,+8613907128765,435
1,李秀英,2025-01-08 13:15:00,,Callrecord-23,+8613907128765,640
0,冯欣然,2025-01-08 17:05:00,,Callrecord-24,+8613817765432,450
0,张明轩,2025-01-08 17:45:00,,Callrecord-25,+8613622345678,430
1,李秀英,2025-01-08 19:30:00,,Callrecord-26,+8613907128765,1800
0,郑文博,2025-01-09 12:45:00,,Callrecord-27,+8613777349876,210
1,黄思琪,2025-01-09 17:15:00,,Callrecord-28,+8613622341234,600
1,李秀英,2025-01-09 19:00:00,,Callrecord-29,+8613907128765,480
0,张明轩,2025-01-09 21:32:00,,Callrecord-30,+8613622345678,480
1,高云飞,2025-01-10 08:00:00,161-4,Callrecord-31,+8613787343210,600
0,李秀英,2025-01-10 14:30:00,,Callrecord-32,+8613907128765,495
0,冯建国,2025-01-10 15:20:00,,Callrecord-33,+8613807123456,525
1,钱永强,2025-01-10 16:45:00,,Callrecord-34,+8613973111222,630
1,彭雨晴,2025-01-10 18:05:00,162-2,Callrecord-35,+8613787344567,440
1,李秀英,2025-01-10 21:00:00,172-1,Callrecord-36,+8613907128765,2400
1,京东客服,2025-01-11 09:55:00,161-5,Callrecord-37,+861062300000,330
1,郑文博,2025-01-11 17:05:00,1-5-4,Callrecord-38,+8613787349876,330
0,李秀英,2025-01-11 20:45:00,,Callrecord-39,+8613907128765,435
0,彭雨晴,2025-01-12 12:35:00,,Callrecord-40,+8613722345678,435
1,冯建国,2025-01-12 18:10:00,,Callrecord-41,+8613807123456,900
1,李秀英,2025-01-12 18:30:00,,Callrecord-42,+8613907128765,1800
0,张明轩,2025-01-12 19:15:00,,Callrecord-43,+8613622345678,420
1,徐佳宁,2025-01-12 19:30:00,163-6,Callrecord-44,+8613622344321,3600
0,黄思琪,2025-01-13 14:02:15,164-2,Callrecord-45,+8613622341234,625
1,冯建国,2025-01-13 15:45:00,,Callrecord-46,+8613807123456,450
1,李秀英,2025-01-14 08:55:00,,Callrecord-47,+8613907128765,330
1,钱永强,2025-01-14 10:20:00,164-4,Callrecord-48,+8613973111222,915
1,黄思琪,2025-01-14 11:30:00,,Callrecord-49,+8613622341234,525
0,郑文博,2025-01-14 12:05:00,,Callrecord-50,+8613787349876,200
0,郑文博,2025-01-14 14:30:00,,Callrecord-51,+8613787349876,910
1,钱永强,2025-01-14 17:55:00,,Callrecord-52,+8613973111222,450
1,张明轩,2025-01-14 19:20:00,,Callrecord-53,+8613622345678,495
1,冯建国,2025-01-14 20:25:00,172-2-3,Callrecord-54,+8613807123456,1200
1,黄思琪,2025-01-15 10:45:00,164-5,Callrecord-55,13622341234,450
0,冯建国,2025-01-15 12:30:00,,Callrecord-56,13807123456,525
1,钱永强,2025-01-15 14:20:00,,Callrecord-57,13973111222,490
0,李秀英,2025-01-15 19:25:00,,Callrecord-58,+8613907128765,600
1,黄思琪,2025-01-16 10:15:00,166-3,Callrecord-59,+8613622341234,450
0,张明轩,2025-01-16 12:55:00,,Callrecord-60,+8613622345678,615
1,李秀英,2025-01-16 14:20:00,172-5,Callrecord-61,+8613907128765,525
1,黄思琪,2025-01-17 15:45:00,171-2-4,Callrecord-62,+8613622341234,1800
1,孙晓雅,2025-01-17 17:45:00,,Callrecord-63,+8613857123456,450
0,钱永强,2025-01-17 18:05:00,,Callrecord-64,+86139173111222,210
1,李秀英,2025-01-17 19:40:00,,Callrecord-65,+8613907128765,495
1,徐佳宁,2025-01-18 18:35:45,,Callrecord-66,+8613622344321,985
1,林志豪,2025-01-18 20:25:30,,Callrecord-67,+8613818987654,335
1,郑文博,2025-01-19 11:45:00,171-4,Callrecord-68,+8613777349876,330
1,李秀英,2025-01-19 18:20:00,173-2,Callrecord-69,+8613907128765,5100
1,冯建国,2025-01-19 20:40:00,,Callrecord-70,+8613807123456,720
0,黄思琪,2025-01-20 16:10:00,171-5,Callrecord-71,+8613622341234,510
0,黄思琪,2025-01-21 14:05:00,,Callrecord-72,+8613622341234,450
0,林志豪,2025-01-21 15:20:00,,Callrecord-73,+8613818987654,525
1,李秀英,2025-01-21 19:20:00,,Callrecord-74,+8613907128765,915
1,李秀英,2025-01-22 09:35:00,,Callrecord-75,+8613907128765,420
0,郑文博,2025-01-22 12:05:00,,Callrecord-76,+8613787349876,180
1,徐佳宁,2025-01-22 13:00:00,174-4,Callrecord-77,+8613622344321,1800
1,钱永强,2025-01-22 17:50:00,,Callrecord-78,+86139173111222,510
1,冯建国,2025-01-23 09:25:00,,Callrecord-79,+8613807123456,315
1,郑文博,2025-01-23 12:05:00,1-5-8,Callrecord-80,+8613787349876,210
1,林志豪,2025-01-23 14:05:00,,Callrecord-81,+8613818987654,630
0,黄思琪,2025-01-24 10:30:15,176-2,Callrecord-82,13800138000,713
1,钱永强,2025-01-24 15:10:00,,Callrecord-83,+8613973111222,510
0,李秀英,2025-01-24 16:45:00,,Callrecord-84,+8613907128765,420
1,罗振宇,2025-01-24 20:25:00,,Callrecord-85,+8613622346677,405
0,高云飞,2025-01-26 08:45:00,,Callrecord-86,+8613682345678,210
1,郑文博,2025-01-26 10:10:00,176-3,Callrecord-87,+861377349876,165
1,冯建国,2025-01-26 19:30:00,,Callrecord-88,+8613807123456,900
1,黄思琪,2025-01-27 10:15:00,1-5-9,Callrecord-89,+8613622341234,450
1,冯建国,2025-01-27 17:40:00,,Callrecord-90,+8613807123456,1800
0,郑文博,2025-01-27 19:40:00,,Callrecord-91,+8613787349876,210
1,李秀英,2025-01-28 07:45:00,169-8,Callrecord-92,+8613907128765,210
1,冯欣然,2025-01-28 18:55:00,170-2,Callrecord-93,+86138217765432,630
1,冯建国,2025-01-30 12:05:00,,Callrecord-94,+8613807123456,210
1,张明轩,2025-01-30 13:45:00,,Callrecord-95,+8613622345678,435
1,冯欣然,2025-01-30 19:35:00,,Callrecord-96,+8613817765432,3300
1,高云飞,2025-01-31 15:45:00,2-9,Callrecord-97,+8613787343210,450
0,冯建国,2025-01-31 18:20:00,,Callrecord-98,+8613807123456,195
1,冯建国,2025-02-01 08:45:00,170-6-1,Callrecord-99,+8613807123456,210
0,郑文博,2025-02-01 10:35:05,,Callrecord-100,+8613723456789,195
1,冯欣然,2025-02-01 11:45:10,170-6-2,Callrecord-101,+8613817765432,335
1,钱永强,2025-02-01 16:30:00,,Callrecord-102,+8613973111222,495
0,张明轩,2025-02-01 21:10:00,,Callrecord-103,+8613622345678,520
1,高云飞,2025-02-02 16:30:00,,Callrecord-104,+8613787343210,225
0,冯建国,2025-02-02 21:05:00,,Callrecord-105,+8613807123456,450
1,黄思琪,2025-02-04 13:05:00,178-3,Callrecord-106,+8613622341234,450
1,吴俊杰,2025-02-04 17:10:00,,Callrecord-107,+8613787345678,225
0,高云飞,2025-02-05 06:35:00,,Callrecord-108,+8613787343210,180
1,郑文博,2025-02-05 09:45:00,178-1-3,Callrecord-109,+8613787349876,210
0,钱永强,2025-02-05 11:20:00,,Callrecord-110,+8613973111222,300
1,郑文博,2025-02-05 12:05:00,,Callrecord-111,+8613787349876,330
1,孙晓雅,2025-02-05 13:25:00,178-4,Callrecord-112,+8613857123456,180
0,钱永强,2025-02-05 14:05:00,,Callrecord-113,+8613973111222,210
1,孙晓雅,2025-02-05 17:45:00,178-4,Callrecord-114,+8613887123456,195
0,张明轩,2025-02-05 18:15:00,,Callrecord-115,+8613622345678,345
0,林志豪,2025-02-05 20:05:00,,Callrecord-116,+8613818987654,190
0,李秀英,2025-02-06 08:45:00,,Callrecord-117,+8613907128765,330
1,郑文博,2025-02-06 09:15:00,178-5,Callrecord-118,+8613777349876,180
1,郑文博,2025-02-06 17:20:00,178-6,Callrecord-119,+86137787349876,195
1,冯建国,2025-02-08 10:15:00,180-1,Callrecord-120,+8613807123456,330
1,李秀英,2025-02-08 11:40:00,,Callrecord-121,+8613907128765,915
1,黄思琪,2025-02-08 13:30:00,,Callrecord-122,+8613622341234,345
1,张明轩,2025-02-08 19:00:00,195-1,Callrecord-123,+8613622345678,1200
1,冯欣然,2025-02-09 15:35:00,181-4,Callrecord-124,+8613817765432,210
0,冯欣然,2025-02-10 10:05:00,,Callrecord-125,+8613817765432,210
0,王丽娜,2025-02-10 14:15:00,,Callrecord-126,+8613622349876,225
1,张明轩,2025-02-10 21:16:00,,Callrecord-127,+8613622345678,270
1,平安健康保险,2025-02-10 21:35:00,197-2-1,Callrecord-128,+8610690001234,435
0,冯建国,2025-02-11 08:15:00,197-1,Callrecord-129,+8613807123456,330
1,冯建国,2025-02-11 09:50:00,4-4,Callrecord-130,+8613807123456,915
1,周雨薇,2025-02-11 16:35:00,4-4,Callrecord-131,+8613818901234,1800
1,黄思琪,2025-02-12 11:30:00,,Callrecord-132,+8613622341234,615
0,冯欣然,2025-02-12 12:15:00,,Callrecord-133,+8613817765432,450
1,钱永强,2025-02-12 13:50:00,198-1-1,Callrecord-134,+8613973111222,490
0,张明轩,2025-02-12 14:50:00,,Callrecord-135,+8613622345678,225
1,张明轩,2025-02-12 17:25:00,,Callrecord-136,+8613622345678,150
1,冯建国,2025-02-13 10:05:00,197-2-3,Callrecord-137,13807123456,810
1,冯欣然,2025-02-13 19:30:00,,Callrecord-138,+8613817765432,2700
0,张明轩,2025-02-13 20:48:30,,Callrecord-139,+8613622345678,280
0,冯建国,2025-02-14 09:35:00,183-3,Callrecord-140,+8613807123456,630
1,李秀英,2025-02-14 12:25:00,183-5,Callrecord-141,+86139107128765,615
1,冯欣然,2025-02-14 22:05:00,183-3,Callrecord-142,+8613817765432,1200
0,平安保险,2025-02-15 09:05:00,197-4,Callrecord-143,400-123-4567,450
1,吴俊杰,2025-02-15 18:30:05,,Callrecord-144,+8613787345678,160
1,彭雨晴,2025-02-15 18:35:10,,Callrecord-145,+8613787344567,130
1,孙晓雅,2025-02-15 20:15:00,,Callrecord-146,+8613873123456,210
0,李秀英,2025-02-16 09:50:00,182-4,Callrecord-147,+8613907128765,930
1,冯欣然,2025-02-16 18:45:00,,Callrecord-148,+8613817765432,2700
1,彭雨晴,2025-02-16 19:35:00,,Callrecord-149,+8613787345678,780
1,李秀英,2025-02-17 09:15:00,197-6,Callrecord-150,+8613907128765,1800
0,钱永强,2025-02-17 13:30:00,,Callrecord-151,+86139073111222,480
0,冯欣然,2025-02-17 17:10:00,,Callrecord-152,+8613817765432,330
1,冯建国,2025-02-17 20:35:00,,Callrecord-153,+8613807123456,420
0,钱永强,2025-02-18 09:35:00,,Callrecord-154,+8613973111222,195
1,黄思琪,2025-02-18 14:20:00,,Callrecord-155,+8613622341234,345
0,李秀英,2025-02-19 09:35:00,,Callrecord-156,+8613907128765,435
1,黄思琪,2025-02-19 10:25:00,186-1,Callrecord-157,+8613622341234,405
0,钱永强,2025-02-19 11:05:00,185-2,Callrecord-158,+8613973111222,210
1,彭雨晴,2025-02-19 20:00:00,,Callrecord-159,+8613787344567,750
1,黄思琪,2025-02-20 09:50:00,186-2,Callrecord-160,+8613622341234,150
0,郑文博,2025-02-20 11:45:00,186-3,Callrecord-161,+8613787349876,195
1,彭雨晴,2025-02-20 18:15:00,,Callrecord-162,+8613787344567,210
1,冯欣然,2025-02-20 21:20:00,47-1,Callrecord-163,+8613817765432,900
0,冯建国,2025-02-21 08:15:00,,Callrecord-164,+8613807123456,210
1,郑文博,2025-02-21 10:05:00,186-5,Callrecord-165,+8613777349876,465
1,郑文博,2025-02-21 12:05:00,,Callrecord-166,+8613777349876,195
1,钱永强,2025-02-21 13:25:00,185-5,Callrecord-167,+8613973111222,225
1,林志豪,2025-02-21 15:10:00,,Callrecord-168,+8613818987654,330
1,李秀英,2025-02-21 18:45:00,,Callrecord-169,+8613907128765,630
1,冯欣然,2025-02-21 20:05:00,,Callrecord-170,+8613817765432,1380
1,高云飞,2025-02-22 06:45:00,188-1,Callrecord-171,+8613787343210,150
1,李秀英,2025-02-22 17:30:00,,Callrecord-172,+8613907128765,1500
0,张明轩,2025-02-22 21:15:00,,Callrecord-173,+8613622345678,600
1,冯建国,2025-02-23 08:45:00,,Callrecord-174,+8613807123456,195
0,钱永强,2025-02-23 09:35:00,,Callrecord-175,+8613973111222,225
1,李秀英,2025-02-23 19:10:00,,Callrecord-176,+8613907128765,1800
0,张明轩,2025-02-23 20:05:00,,Callrecord-177,+8613622345678,630
1,客户A,2025-02-24 10:15:00,,Callrecord-178,+8613672345678,450
1,客户B,2025-02-24 10:35:00,,Callrecord-179,+8613672345987,315
1,林志豪,2025-02-24 14:20:00,,Callrecord-180,+8613818987654,915
0,李秀英,2025-02-24 16:45:00,,Callrecord-181,+8613907112345,450
1,钱永强,2025-02-25 08:25:00,191-1,Callrecord-182,+8613973112222,315
1,黄思琪,2025-02-25 13:30:00,,Callrecord-183,+8613622341234,3300
1,林志豪,2025-02-25 15:30:00,,Callrecord-184,+8613818987654,735
1,李秀英,2025-02-25 17:25:00,,Callrecord-185,+8613907128765,790
1,钱永强,2025-02-26 09:25:00,,Callrecord-186,+8613973111222,195
0,黄思琪,2025-02-26 11:05:00,,Callrecord-187,+8613622341234,450
0,冯欣然,2025-02-26 12:15:00,,Callrecord-188,+8613817765432,345
0,李秀英,2025-02-26 17:45:00,,Callrecord-189,+8613907128765,810
1,黄思琪,2025-02-27 09:30:00,,Callrecord-190,+8613622341234,900
1,林志豪,2025-02-27 13:30:00,,Callrecord-191,+8613818987654,3000
1,钱永强,2025-02-27 16:45:00,,Callrecord-192,+8613973111222,210
1,沈心怡,2025-02-27 17:45:00,192-2,Callrecord-193,+8613787346789,180
1,徐佳宁,2025-02-27 19:00:00,,Callrecord-194,+8613622344321,615
0,李秀英,2025-03-01 13:05:00,,Callrecord-195,+8613907128765,900
1,郑文博,2025-03-02 12:50:00,198-3,Callrecord-196,+8613787349876,330
1,钱永强,2025-03-02 19:25:00,,Callrecord-197,+8613973111222,600
1,赵天宇,2025-03-02 20:15:00,,Callrecord-198,+8613622347766,2700
1,林志豪,2025-03-03 09:30:00,104-1-4,Callrecord-199,+8613818987654,930
1,冯欣然,2025-03-04 09:05:00,,Callrecord-200,+8613821776543,450
0,钱永强,2025-03-04 15:20:00,207-1-1,Callrecord-201,+8613973111222,525
1,高云飞,2025-03-05 07:50:00,101-1-2,Callrecord-202,+8613787343210,330
1,黄思琪,2025-03-05 10:15:00,,Callrecord-203,+8613622341234,615
1,郑文博,2025-03-05 11:55:00,,Callrecord-204,+8613787349876,330
1,李秀英,2025-03-05 17:35:00,,Callrecord-205,+8613907128765,200
1,徐佳宁,2025-03-05 19:50:00,136-1,Callrecord-206,+8613622344321,1200
1,钱永强,2025-03-06 07:45:00,,Callrecord-207,+8613973111222,210
1,黄思琪,2025-03-06 10:30:00,207-1-2,Callrecord-208,+8613622341234,315
0,林志豪,2025-03-06 14:20:00,207-1-2,Callrecord-209,+8613818987654,225
0,林志豪,2025-03-06 15:20:00,207-1-2,Callrecord-210,+8613818987654,900
1,李秀英,2025-03-06 19:30:00,,Callrecord-211,+8613907128765,900
0,张明轩,2025-03-06 22:15:00,,Callrecord-212,+8613622345678,600
1,黄思琪,2025-03-07 11:25:00,207-1-3,Callrecord-213,+8613622341234,615
1,高云飞,2025-03-08 07:15:00,100-4-2,Callrecord-214,+8613787343210,210
0,国家税务总局,2025-03-08 09:55:00,88-3,Callrecord-215,+8610690000123,330
1,京东客服,2025-03-08 13:45:00,204-2,Callrecord-216,+8610693000123,195
1,钱永强,2025-03-09 11:20:00,208-1-2,Callrecord-217,+8613973111222,510
0,陆家明,2025-03-09 12:35:00,119-1,Callrecord-218,+86137787345689,195
1,冯建国,2025-03-09 16:35:00,201-1,Callrecord-219,+8613807123456,3900
1,小米客服,2025-03-09 19:05:00,204-4,Callrecord-220,4001005678,450
1,郑文博,2025-03-10 09:35:00,6-1-1,Callrecord-221,13787349876,195
0,黄思琪,2025-03-10 11:15:00,6-1-1,Callrecord-222,13622341234,330
0,冯欣然,2025-03-10 14:45:00,208-1-1,Callrecord-223,13817765432,430
1,钱永强,2025-03-10 15:05:00,208-1-1,Callrecord-224,13973111222,225
1,黄思琪,2025-03-10 16:15:00,6-1-1,Callrecord-225,+8613622341234,330
1,郑文博,2025-03-10 19:05:00,6-1-1,Callrecord-226,+861377349876,195
1,李秀英,2025-03-10 22:20:00,,Callrecord-227,+8613907128765,900
1,郑文博,2025-03-11 11:55:00,104-2,Callrecord-228,+8613787349876,210
0,钱永强,2025-03-11 16:50:00,6-1-2,Callrecord-229,+8613973111222,195
1,高云飞,2025-03-11 17:45:00,101-3,Callrecord-230,+8613787343210,430
1,徐佳宁,2025-03-11 21:15:00,137-5,Callrecord-231,+8613622344321,600
0,李秀英,2025-03-12 12:30:00,,Callrecord-232,+8613907128765,495
1,黄思琪,2025-03-12 14:25:00,6-1-3,Callrecord-233,+8613622341234,3780
1,孙晓雅,2025-03-12 16:45:00,,Callrecord-234,+8613857123456,810
1,谢雨桐,2025-03-12 20:15:00,194-4-5,Callrecord-235,+8613622345566,780
0,徐佳宁,2025-03-12 21:05:00,,Callrecord-236,+8613622344321,450
0,李秀英,2025-03-13 13:30:00,194-4-6,Callrecord-237,+8613907128765,615
1,黄思琪,2025-03-13 14:30:00,194-4-6,Callrecord-238,+8613622341234,930
1,谢雨桐,2025-03-13 17:45:00,,Callrecord-239,+8613622345566,930
1,徐佳宁,2025-03-13 20:45:00,137-2,Callrecord-240,+8613622344321,450
0,彭雨晴,2025-03-13 21:22:00,,Callrecord-241,+8613787344567,375
1,钱永强,2025-03-14 09:15:00,6-1-5,Callrecord-242,+8613973111222,330
1,林志豪,2025-03-14 11:35:00,6-1-5,Callrecord-243,+8613818987654,435
1,李秀英,2025-03-14 18:05:00,,Callrecord-244,+8613907128765,210
1,李秀英,2025-03-16 09:25:00,,Callrecord-245,+8613907128765,615
1,罗比零食专卖店,2025-03-16 16:05:00,,Callrecord-246,+8613877345678,150
1,李秀英,2025-03-16 20:35:00,,Callrecord-247,+8613907128765,1035
1,钱永强,2025-03-17 09:30:00,105-1,Callrecord-248,+8613973111222,135
1,黄思琪,2025-03-17 16:45:00,208-2-1,Callrecord-249,+8613622341234,210
1,高云飞,2025-03-17 17:35:00,,Callrecord-250,+8613787343210,195
1,李秀英,2025-03-17 20:45:00,,Callrecord-251,+8613907128765,1800
1,钱永强,2025-03-18 17:05:00,,Callrecord-252,+8613973111222,210
1,李秀英,2025-03-18 20:30:00,,Callrecord-253,+8613907128765,1800
0,张明轩,2025-03-18 21:05:00,,Callrecord-254,+8613622345678,450
1,郑文博,2025-03-19 09:35:00,7-2,Callrecord-255,+8613787349876,450
0,张明轩,2025-03-19 15:45:00,208-2-3,Callrecord-256,+8613622345678,450
1,李秀英,2025-03-19 22:05:00,,Callrecord-257,+8613907128765,900
1,钱永强,2025-03-20 09:45:00,,Callrecord-258,+8613973111222,210
1,冯欣然,2025-03-20 13:10:00,205-2,Callrecord-259,+8613817765432,1800
1,孙晓雅,2025-03-20 14:30:00,7-4,Callrecord-260,+8613857123456,900
1,徐佳宁,2025-03-20 21:40:00,,Callrecord-261,+8613622344321,720
1,钱永强,2025-03-21 08:45:00,,Callrecord-262,+8613973112222,150
1,钱永强,2025-03-21 09:40:00,6-4,Callrecord-263,+8613973112222,900
1,黄思琪,2025-03-21 11:20:00,7-5-1,Callrecord-264,+8613622341234,480
1,冯建国,2025-03-21 12:45:00,102-2-6,Callrecord-265,+8613807123456,420
1,冯欣然,2025-03-21 18:30:00,205-3,Callrecord-266,+8613817765432,735
1,彭雨晴,2025-03-21 19:35:00,206-2,Callrecord-267,+8613787344567,190
1,李秀英,2025-03-22 08:10:00,,Callrecord-268,+8613907128765,330
1,钱永强,2025-03-22 08:40:00,122-2,Callrecord-269,+8613973111222,135
0,张明轩,2025-03-22 08:55:00,122-2,Callrecord-270,+8613622345678,345
0,冯欣然,2025-03-22 09:30:00,122-2,Callrecord-271,+8613817765432,320
1,李秀英,2025-03-22 14:20:00,122-3,Callrecord-272,+8613907128765,495
1,李秀英,2025-03-23 18:50:00,122-7,Callrecord-273,+8613907128765,900
0,冯欣然,2025-03-24 07:50:00,205-4,Callrecord-274,+8613817765432,900
1,黄思琪,2025-03-24 09:40:00,208-5,Callrecord-275,+8613622341234,510
1,郑文博,2025-03-24 11:20:00,7-5-2,Callrecord-276,+8613787349876,480
0,张明轩,2025-03-24 13:15:00,,Callrecord-277,+8613622345678,420
1,钱永强,2025-03-25 09:20:00,212-1,Callrecord-278,+8613973111222,210
0,沈心怡,2025-03-25 13:05:00,,Callrecord-279,+8613787346789,195
1,钱永强,2025-03-25 14:30:00,212-1,Callrecord-280,+8613973111222,315
1,冯欣然,2025-03-25 19:00:00,205-6,Callrecord-281,+8613817765432,1530
0,李秀英,2025-03-26 12:20:00,,Callrecord-282,+8613907128765,495
0,冯建国,2025-03-26 19:35:00,,Callrecord-283,+8613807123456,630
1,张明轩,2025-03-26 22:05:00,,Callrecord-284,+8613622345678,620
1,高云飞,2025-03-27 17:35:00,102-2-7,Callrecord-285,+8613787343210,210
0,钱永强,2025-03-28 08:15:00,,Callrecord-286,+8613973111222,210
1,高云飞,2025-03-28 10:35:00,102-3,Callrecord-287,+8613787343210,315
1,郑文博,2025-03-28 12:05:00,200-4,Callrecord-288,+8613787349876,45
1,普拉提体验中心,2025-03-28 13:15:00,203-2,Callrecord-289,4001234567,210
1,冯建国,2025-03-28 17:35:00,,Callrecord-290,+8613807123456,420
0,李秀英,2025-03-29 13:45:00,203-3,Callrecord-291,+8613907128765,450
1,罗振宇,2025-03-29 21:50:00,8-4,Callrecord-292,+8613622346677,3600
1,李秀英,2025-03-30 14:05:00,,Callrecord-293,+8613907128765,450
1,李秀英,2025-03-30 19:30:00,,Callrecord-294,+8613907128765,900
0,钱永强,2025-03-31 09:10:05,,Callrecord-295,+8613973111222,145
1,高云飞,2025-03-31 09:35:45,8-6,Callrecord-296,+8613787343210,145
1,黄思琪,2025-03-31 10:45:20,,Callrecord-297,+8613622341234,165
0,孙晓雅,2025-03-31 14:20:15,219-1-4,Callrecord-298,+8613857123456,205
1,沈心怡,2025-04-01 12:45:00,58-1,Callrecord-299,13787346789,200
0,黄思琪,2025-04-01 16:10:00,,Callrecord-300,13622341234,330
1,李秀英,2025-04-01 18:05:00,,Callrecord-301,+8613907128765,315
0,张明轩,2025-04-01 22:35:00,,Callrecord-302,+8613622345678,450
0,钱永强,2025-04-02 08:45:00,219-1-5,Callrecord-303,+86139073111222,150
1,钱永强,2025-04-02 09:05:00,219-1-5,Callrecord-304,+86139073111222,195
0,黄思琪,2025-04-02 10:20:00,,Callrecord-305,+8613622341234,345
0,张明轩,2025-04-02 13:35:00,,Callrecord-306,+8613622345678,190
0,冯建国,2025-04-02 20:30:00,,Callrecord-307,+8613807123456,735
1,冯建国,2025-04-03 08:15:00,,Callrecord-308,+8613807123456,330
1,黄思琪,2025-04-03 09:05:00,210-2,Callrecord-309,+8613622341234,465
1,钱永强,2025-04-03 11:45:00,210-2,Callrecord-310,+8613973111222,430
1,李秀英,2025-04-03 15:05:00,210-2,Callrecord-311,+8613907128765,450
0,冯建国,2025-04-04 08:05:00,,Callrecord-312,+8613807123456,210
0,李秀英,2025-04-04 09:45:00,210-3,Callrecord-313,+8613907128765,130
1,张明轩,2025-04-04 10:15:00,,Callrecord-314,+8613622345678,330
0,冯建国,2025-04-04 11:20:00,210-4,Callrecord-315,+8613807123456,345
1,冯建国,2025-04-04 16:45:00,58-2,Callrecord-316,+8613807123456,630
0,张明轩,2025-04-04 19:15:00,,Callrecord-317,+8613612345678,645
0,钱永强,2025-04-05 12:40:00,210-6,Callrecord-318,+8613973111222,330
1,平安车险,2025-04-06 09:45:00,89-2,Callrecord-319,4001234567,330
1,徐佳宁,2025-04-06 11:20:00,,Callrecord-320,+8613612345678,495
1,冯建国,2025-04-06 19:50:00,211-1,Callrecord-321,+8613807123456,3600
1,李秀英,2025-04-06 19:50:05,211-1,Callrecord-322,+8613907128765,3595
1,冯建国,2025-04-07 08:15:00,,Callrecord-323,+8613807123456,300
1,钱永强,2025-04-07 08:25:00,,Callrecord-324,+8613973111222,210
1,高云飞,2025-04-07 12:45:00,,Callrecord-325,+8613787343210,600
0,冯建国,2025-04-07 19:30:00,7-6,Callrecord-326,+86-138-XXXX-XXXX,1800
0,黄思琪,2025-04-08 11:20:00,,Callrecord-327,+8613612341234,1500
1,郑文博,2025-04-08 12:05:00,,Callrecord-328,+8613787349876,180
1,冯建国,2025-04-08 21:05:00,,Callrecord-329,+8613807123456,1800
0,钱永强,2025-04-09 11:15:00,212-5,Callrecord-330,+8613973111222,330
1,李秀英,2025-04-09 18:35:00,,Callrecord-331,+8613907128765,630
1,黄思琪,2025-04-10 11:45:00,,Callrecord-332,+8613672341234,420
1,郑文博,2025-04-10 12:05:00,9-4,Callrecord-333,+8613787349876,210
0,黄思琪,2025-04-10 15:45:00,219-4,Callrecord-334,+8613672341234,300
1,冯欣然,2025-04-10 18:45:00,,Callrecord-335,+8613821776543,450
0,钱永强,2025-04-11 16:20:00,61-2,Callrecord-336,+8613973111222,330
1,张明轩,2025-04-11 17:45:00,61-2,Callrecord-337,+8613622345678,330
1,高云飞,2025-04-12 06:35:00,11-2,Callrecord-338,+8613787343210,210
1,李秀英,2025-04-12 12:15:00,,Callrecord-339,+8613907128765,315
1,李秀英,2025-04-12 17:05:00,,Callrecord-340,+8613907128765,210
1,李秀英,2025-04-13 17:45:00,,Callrecord-341,+8613907128765,630
1,黄思琪,2025-04-14 11:15:00,,Callrecord-342,+8613722341234,345
0,李秀英,2025-04-14 12:45:00,,Callrecord-343,+8613907128765,450
1,钱永强,2025-04-14 14:30:00,10-1,Callrecord-344,+8613973111222,930
0,张明轩,2025-04-15 12:15:00,,Callrecord-345,+8613622345678,330
1,钱永强,2025-04-15 15:10:00,215-4,Callrecord-346,+8613973111222,345
1,高云飞,2025-04-15 21:50:00,,Callrecord-347,+8613787343210,900
0,李秀英,2025-04-16 08:55:00,,Callrecord-348,+8613907128765,450
0,冯建国,2025-04-16 13:05:00,215-5,Callrecord-349,+8613807123456,450
1,李秀英,2025-04-17 18:35:00,,Callrecord-350,+8613907128765,330
1,冯欣然,2025-04-17 21:50:00,,Callrecord-351,+8613817765432,375
1,黄思琪,2025-04-18 09:05:15,,Callrecord-352,+8613622341234,210
0,大成律师事务所,2025-04-18 09:18:05,10-5-2,Callrecord-353,010-65871234,345
1,林志豪,2025-04-18 16:55:00,9-5,Callrecord-354,+8613818987654,480
0,张明轩,2025-04-19 16:25:00,11-6,Callrecord-355,+8613622345678,435
0,长沙文旅,2025-04-20 10:05:00,45-1,Callrecord-356,106900001234,210
1,李华,2025-04-20 10:25:00,215-7,Callrecord-357,+8613912345678,1200
1,钱永强,2025-04-20 14:00:00,91-1-4,Callrecord-358,+8613973111222,720
1,黄思琪,2025-04-20 16:05:00,91-1-5,Callrecord-359,+8613622341234,450
1,林志豪,2025-04-20 16:25:00,91-1-5,Callrecord-360,+8613818987654,195
1,冯建国,2025-04-21 08:25:00,,Callrecord-361,+8613807123456,315
0,钱永强,2025-04-21 09:05:00,10-5-3,Callrecord-362,+8613973111222,210
1,高云飞,2025-04-21 21:25:00,,Callrecord-363,13787343210,435
1,林志豪,2025-04-22 09:05:10,91-4,Callrecord-364,+8613818987654,215
0,钱永强,2025-04-22 16:45:30,91-3,Callrecord-365,+8613973111222,405
1,李秀英,2025-04-22 22:20:00,,Callrecord-366,+8613907128765,915
1,钱永强,2025-04-23 09:05:00,,Callrecord-367,+8613973111222,330
1,黄思琪,2025-04-23 13:15:00,,Callrecord-368,+8613622341234,180
1,钱永强,2025-04-23 16:35:00,,Callrecord-369,+8613973111222,420
1,钱永强,2025-04-23 18:05:00,,Callrecord-370,+8613973111222,600
1,冯建国,2025-04-23 19:30:00,,Callrecord-371,+8613807123456,900
1,李秀英,2025-04-23 20:25:00,,Callrecord-372,+8613907128765,1200
1,行业资深人士,2025-04-24 08:15:00,10-5-4,Callrecord-373,+8613907111122,330
1,陈先生,2025-04-24 09:05:00,,Callrecord-374,+8613612345678,180
0,冯建国,2025-04-24 11:40:00,,Callrecord-375,+8613807123456,315
1,陆家明,2025-04-24 16:15:00,,Callrecord-376,+86137787345689,210
1,钱永强,2025-04-24 18:45:00,,Callrecord-377,+8613973111222,315
1,李秀英,2025-04-24 20:45:00,,Callrecord-378,+8613907128765,1800
1,钱永强,2025-04-25 16:45:00,16-2-7,Callrecord-379,+8613973111222,435
1,李秀英,2025-04-25 17:20:00,,Callrecord-380,+8613907128765,330
1,冯建国,2025-04-25 19:35:00,119-4,Callrecord-381,+8613807123456,435
1,高云飞,2025-04-26 06:45:00,,Callrecord-382,+8613787343210,210
1,彭雨晴,2025-04-26 13:10:00,45-5,Callrecord-383,+8613787344567,915
0,张明轩,2025-04-26 16:10:00,92-2,Callrecord-384,+8613622345678,525
1,李秀英,2025-04-26 21:00:00,,Callrecord-385,+8613907128765,1710
1,冯建国,2025-04-27 11:35:00,,Callrecord-386,+8613807123456,315
1,平安保险,2025-04-27 13:20:00,218-4,Callrecord-387,400-123-4567,330
1,冯建国,2025-04-27 14:30:00,13-1-6,Callrecord-388,+8613807123456,915
1,周雨薇,2025-04-27 19:25:00,13-1-7,Callrecord-389,+8613818901234,270
1,黄思琪,2025-04-28 09:15:00,10-5-6,Callrecord-390,+8613622341234,330
1,冯建国,2025-04-28 10:45:00,10-5-6,Callrecord-391,+8613807123456,195
0,林志豪,2025-04-28 11:35:00,,Callrecord-392,+8613818987654,345
1,李秀英,2025-04-28 13:00:00,218-5,Callrecord-393,+8613907128765,1500
1,李秀英,2025-04-28 17:58:00,,Callrecord-394,+8613907128765,450
0,郑文博,2025-04-29 12:15:00,,Callrecord-395,+8613787349876,330
1,冯欣然,2025-04-29 17:05:00,,Callrecord-396,+8613817765432,450
1,李秀英,2025-04-29 17:35:00,,Callrecord-397,+8613907128765,315
0,张明轩,2025-04-29 21:35:00,,Callrecord-398,+8613622345678,610
1,黄思琪,2025-04-30 09:30:00,10-5-7,Callrecord-399,+8613622341234,315
0,张明轩,2025-04-30 10:20:00,,Callrecord-400,+8613622345678,345
0,钱永强,2025-04-30 15:20:00,,Callrecord-401,+8613973111222,330
1,钱永强,2025-04-30 21:30:00,,Callrecord-402,+8613973111222,615
1,冯建国,2025-04-30 22:05:00,,Callrecord-403,+8613807123456,930
1,冯建国,2025-05-01 18:15:00,,Callrecord-404,+8613807123456,330
1,李秀英,2025-05-01 19:50:00,,Callrecord-405,+8613907128765,3000
0,钱永强,2025-05-02 08:55:00,,Callrecord-406,+8613973111222,330
1,郑文博,2025-05-02 12:05:00,,Callrecord-407,+8613787349876,195
1,黄思琪,2025-05-02 14:45:00,,Callrecord-408,+8613622341234,430
1,钱永强,2025-05-02 17:15:00,,Callrecord-409,+8613973111222,345
0,黄思琪,2025-05-02 21:40:00,,Callrecord-410,+8613622341234,1500
1,徐佳宁,2025-05-03 20:35:00,,Callrecord-411,+8613622344321,420
0,李秀英,2025-05-03 20:50:00,,Callrecord-412,+8613907128765,900
1,黄思琪,2025-05-04 11:45:00,221-1-1,Callrecord-413,+8613622341234,450
0,钱永强,2025-05-04 12:35:00,,Callrecord-414,+8613973111222,195
0,李秀英,2025-05-04 12:50:00,,Callrecord-415,+8613907128765,930
1,徐佳宁,2025-05-04 14:15:00,,Callrecord-416,+8613622344321,225
1,冯建国,2025-05-04 19:40:00,,Callrecord-417,+8613807123456,1800
1,高云飞,2025-05-06 06:05:00,228-2,Callrecord-418,+8613787343210,330
1,冯建国,2025-05-06 08:15:00,,Callrecord-419,+8613807123456,315
0,郑文博,2025-05-06 09:05:00,,Callrecord-420,+8613787349876,150
1,黄思琪,2025-05-06 12:25:00,221-2,Callrecord-421,+8613622341234,225
1,冯建国,2025-05-06 19:00:00,,Callrecord-422,+8613807123456,1500
1,钱永强,2025-05-07 08:10:00,,Callrecord-423,+8613973111222,150
1,黄思琪,2025-05-07 11:45:00,221-4-2,Callrecord-424,+8613622341234,195
0,钱永强,2025-05-07 14:30:00,221-4-2,Callrecord-425,+8613973111222,345
1,冯建国,2025-05-07 17:45:00,,Callrecord-426,+8613807123456,630
0,张明轩,2025-05-07 19:05:00,,Callrecord-427,+8613607123456,465
1,钱永强,2025-05-08 08:45:00,43-2,Callrecord-428,+8613973111222,300
1,林志豪,2025-05-08 14:30:00,43-2,Callrecord-429,+8613818987654,900
1,冯欣然,2025-05-08 17:15:00,,Callrecord-430,+8613817765432,210
1,钱永强,2025-05-09 07:40:00,43-3,Callrecord-431,+8613973111222,330
0,黄思琪,2025-05-09 10:20:00,43-3,Callrecord-432,+8613622341234,495
1,郑文博,2025-05-09 14:10:00,,Callrecord-433,+8613787349876,345
1,李秀英,2025-05-09 20:15:00,,Callrecord-434,+8613907128765,1200
0,冯建国,2025-05-09 20:40:00,,Callrecord-435,+8613807123456,300
1,郑文博,2025-05-10 09:35:00,,Callrecord-436,+861387349876,330
1,钱永强,2025-05-10 14:45:00,,Callrecord-437,+8613973111222,315
1,冯建国,2025-05-10 22:25:00,,Callrecord-438,+8613807123456,1800
1,林志豪,2025-05-11 09:35:00,84-5,Callrecord-439,+8613818987654,330
1,郑文博,2025-05-11 11:55:00,43-4,Callrecord-440,+8613787349876,420
0,李秀英,2025-05-11 19:15:00,,Callrecord-441,+8613907128765,330
1,黄思琪,2025-05-12 09:45:00,221-5,Callrecord-442,+8613622341234,630
0,郑文博,2025-05-12 11:20:00,83-7,Callrecord-443,+861377349876,495
0,张明轩,2025-05-12 13:05:00,,Callrecord-444,+8613622345678,465
0,钱永强,2025-05-12 14:15:00,,Callrecord-445,+8613973111222,330
1,张明轩,2025-05-12 22:40:00,,Callrecord-446,+8613622345678,915
1,冯建国,2025-05-13 08:20:00,,Callrecord-447,+8613807123456,330
1,林志豪,2025-05-13 14:00:00,,Callrecord-448,+8613818987654,2280
0,徐佳宁,2025-05-13 15:35:00,139-1-4,Callrecord-449,+8613622344321,780
1,钱永强,2025-05-13 17:45:00,,Callrecord-450,+8613973111222,630
1,李秀英,2025-05-13 19:25:00,,Callrecord-451,+8613907128765,610
1,高云飞,2025-05-14 07:05:00,,Callrecord-452,+8613787343210,210
1,郑文博,2025-05-14 12:25:00,229-3,Callrecord-453,+8613787349876,180
0,黄思琪,2025-05-14 15:30:00,,Callrecord-454,+8613622341234,495
0,李秀英,2025-05-14 20:30:00,,Callrecord-455,+8613907128765,735
1,彭雨晴,2025-05-14 21:15:00,225-6,Callrecord-456,+8613778344567,630
1,林志豪,2025-05-15 09:45:00,85-2,Callrecord-457,+8613818987654,195
1,孙晓雅,2025-05-15 16:45:00,,Callrecord-458,+861387123456,630
1,李秀英,2025-05-15 18:25:00,,Callrecord-459,+8613907128765,615
1,冯欣然,2025-05-15 21:50:00,,Callrecord-460,+8613817765432,945
1,黄思琪,2025-05-16 11:20:15,,Callrecord-461,+8613622341234,933
0,冯欣然,2025-05-16 14:15:00,,Callrecord-462,+8613817765432,430
1,李秀英,2025-05-16 15:35:05,,Callrecord-463,+8613907128765,795
1,黄思琪,2025-05-16 16:45:00,,Callrecord-464,+8613622341234,435
0,高云飞,2025-05-17 07:45:00,,Callrecord-465,+8613787343210,210
1,李秀英,2025-05-17 09:15:00,,Callrecord-466,+8613907128765,300
1,徐佳宁,2025-05-17 12:10:00,,Callrecord-467,+8613622344321,330
0,冯建国,2025-05-17 12:35:00,,Callrecord-468,+8613807123456,300
1,沈心怡,2025-05-17 16:00:00,,Callrecord-469,+8613787346789,120
1,钱永强,2025-05-18 11:45:00,43-6-3,Callrecord-470,+8613973111222,330
1,冯建国,2025-05-18 19:30:00,222-3,Callrecord-471,+8613807123456,4200
0,钱永强,2025-05-19 10:45:00,227-2,Callrecord-472,+8613973111222,210
1,郑文博,2025-05-19 12:05:00,,Callrecord-473,+8613787349876,180
1,平安好医生,2025-05-19 13:28:00,14-1,Callrecord-474,4001234567,120
0,钱永强,2025-05-19 14:05:00,,Callrecord-475,+8613973111222,630
1,李秀英,2025-05-19 18:15:00,,Callrecord-476,+8613907128765,600
0,冯欣然,2025-05-19 19:05:00,,Callrecord-477,+86138217765432,600
1,冯建国,2025-05-19 20:45:00,227-4,Callrecord-478,+8613807123456,1200
0,林志豪,2025-05-19 22:10:00,,Callrecord-479,+8613818987654,900
1,冯建国,2025-05-20 08:20:00,,Callrecord-480,+8613807123456,330
0,林志豪,2025-05-20 09:05:00,85-3,Callrecord-481,+8613818987654,1380
1,钱永强,2025-05-20 10:45:00,,Callrecord-482,+8613973111222,435
0,张明轩,2025-05-20 12:30:00,,Callrecord-483,+8613622345678,910
0,黄思琪,2025-05-20 14:15:00,222-4-3,Callrecord-484,+8613622341234,330
1,林志豪,2025-05-21 09:30:00,,Callrecord-485,+8613818987654,735
0,郑文博,2025-05-21 12:05:00,14-3,Callrecord-486,+8613787349876,210
1,钱永强,2025-05-21 15:25:00,,Callrecord-487,+8613973111222,300
1,黄思琪,2025-05-21 17:55:00,,Callrecord-488,+8613622341234,300
1,李秀英,2025-05-21 18:20:00,,Callrecord-489,+8613907128765,300
0,张明轩,2025-05-21 18:40:00,,Callrecord-490,+8613622345678,600
1,冯欣然,2025-05-21 21:05:00,,Callrecord-491,+8613817765432,600
1,钱永强,2025-05-22 07:45:00,,Callrecord-492,+8613973112222,210
1,林志豪,2025-05-22 08:30:00,,Callrecord-493,+8613818987654,915
1,李秀英,2025-05-22 18:45:00,222-5,Callrecord-494,+8613907128765,630
1,吴俊杰,2025-05-23 06:15:00,43-6-5,Callrecord-495,+8613787345678,330
0,郑文博,2025-05-23 12:05:00,,Callrecord-496,+8613787349876,465
1,林志豪,2025-05-23 14:15:00,,Callrecord-497,+8613818987654,630
1,高云飞,2025-05-24 07:30:00,,Callrecord-498,+8613787343210,315
0,李秀英,2025-05-25 16:20:00,125-1,Callrecord-499,+8613907128765,495
1,张明轩,2025-05-25 20:05:00,,Callrecord-500,+8613622345678,450
1,黄思琪,2025-05-26 11:15:00,223-3-5,Callrecord-501,+8613622341234,330
1,徐佳宁,2025-05-26 18:40:00,,Callrecord-502,+8613622344321,330
0,徐佳宁,2025-05-26 19:05:00,,Callrecord-503,+8613622344321,420
0,李秀英,2025-05-26 19:20:00,,Callrecord-504,+8613907128765,480
0,孙晓雅,2025-05-27 11:00:00,,Callrecord-505,+8613857123456,510
1,冯建国,2025-05-27 13:15:00,125-2,Callrecord-506,+8613707123456,465
1,钱永强,2025-05-27 14:05:00,,Callrecord-507,+8613973111222,210
1,陆家明,2025-05-27 15:30:00,125-3,Callrecord-508,+8613787345689,900
1,黄思琪,2025-05-27 16:20:00,,Callrecord-509,+8613622341234,315
0,李秀英,2025-05-27 18:15:00,,Callrecord-510,+8613907128765,180
1,冯欣然,2025-05-27 20:00:00,,Callrecord-511,+8613817765432,600
1,黄思琪,2025-05-28 15:35:00,148-6,Callrecord-512,+8613622341234,180
0,郑文博,2025-05-28 19:15:00,,Callrecord-513,+8613787349876,330
1,冯建国,2025-05-29 19:30:00,125-5,Callrecord-514,+8613807123456,2700
1,钱永强,2025-05-30 09:30:00,,Callrecord-515,+8613973111222,315
1,李秀英,2025-05-30 10:45:00,,Callrecord-516,+8613907128765,450
1,孙晓雅,2025-05-30 14:20:00,,Callrecord-517,+8613873123456,345
0,张明轩,2025-05-30 16:30:00,,Callrecord-518,+8613622345678,490
1,李秀英,2025-05-30 17:10:00,224-1,Callrecord-519,+8613907128765,330
1,李秀英,2025-05-31 08:45:00,224-2,Callrecord-520,+8613907128765,435
1,冯建国,2025-05-31 09:28:00,224-2,Callrecord-521,+8613807123456,120
1,沈心怡,2025-05-31 15:40:00,,Callrecord-522,+86137787346789,210
0,李秀英,2025-05-31 17:15:00,224-2,Callrecord-523,+8613907128765,225
1,高云飞,2025-06-01 10:15:00,,Callrecord-524,+8613787343210,330
0,张明轩,2025-06-01 12:05:00,,Callrecord-525,+8613622345678,645
1,冯建国,2025-06-01 13:45:00,234-2,Callrecord-526,+8613807123456,630
1,李秀英,2025-06-02 10:05:00,,Callrecord-527,+8613907128765,450
0,张明轩,2025-06-02 16:15:00,232-3,Callrecord-528,+8613622345678,465
1,李秀英,2025-06-02 19:55:00,,Callrecord-529,+8613907128765,630
0,郑文博,2025-06-03 12:05:00,,Callrecord-530,+8613787349876,210
0,李秀英,2025-06-03 20:55:00,,Callrecord-531,+8613907128765,600
1,高云飞,2025-06-04 07:20:00,,Callrecord-532,+8613787343210,330
1,林志豪,2025-06-04 08:30:00,,Callrecord-533,+8613818987654,195
0,钱永强,2025-06-04 09:00:00,,Callrecord-534,+8613973111222,345
1,黄思琪,2025-06-04 11:15:00,52-1-3,Callrecord-535,+8613622341234,450
1,冯建国,2025-06-04 11:45:00,52-1-3,Callrecord-536,+8613807123456,315
1,郑文博,2025-06-04 13:45:00,52-1-3,Callrecord-537,+8613787349876,420
1,林志豪,2025-06-04 14:05:00,,Callrecord-538,+8613818987654,210
0,黄思琪,2025-06-04 16:45:00,,Callrecord-539,+8613622341234,225
0,黄思琪,2025-06-05 12:05:00,,Callrecord-540,13622341234,450
0,钱永强,2025-06-05 14:25:00,,Callrecord-541,+8613973111222,210
1,李秀英,2025-06-05 20:10:00,234-5,Callrecord-542,+8613907128765,915
1,郑文博,2025-06-06 11:55:00,,Callrecord-543,+8613787349876,150
0,冯建国,2025-06-07 09:15:00,,Callrecord-544,+8613807123456,210
1,张明轩,2025-06-07 12:20:00,,Callrecord-545,+8613622345678,495
0,李秀英,2025-06-07 19:10:00,16-5,Callrecord-546,+8613907128765,150
1,高云飞,2025-06-08 09:15:00,17-1,Callrecord-547,+8613787343210,450
0,李秀英,2025-06-08 19:30:00,,Callrecord-548,+8613907128765,495
1,郑文博,2025-06-09 09:45:00,1-2,Callrecord-549,+861377349876,195
1,黄思琪,2025-06-09 11:35:00,1-4,Callrecord-550,+8613622341234,450
0,郑文博,2025-06-09 12:05:00,,Callrecord-551,+861377349876,45
0,钱永强,2025-06-09 16:20:00,1-2,Callrecord-552,+8613973111222,310
1,冯建国,2025-06-09 20:55:00,,Callrecord-553,+8613807123456,630
0,李秀英,2025-06-09 21:10:00,,Callrecord-554,+8613907128765,345
1,吴俊杰,2025-06-10 17:25:00,238-1,Callrecord-555,+8613787345678,210
0,冯建国,2025-06-11 12:30:00,,Callrecord-556,+8613807123456,495
1,李秀英,2025-06-11 17:50:00,,Callrecord-557,+8613907128765,900
0,冯欣然,2025-06-11 20:00:00,2-4,Callrecord-558,+8613817765432,720
1,张明轩,2025-06-11 21:15:00,,Callrecord-559,+8613622345678,600
1,高云飞,2025-06-12 06:05:00,,Callrecord-560,+86137787343210,210
1,彭雨晴,2025-06-12 10:20:00,52-1-5,Callrecord-561,+86137787344567,315
1,黄思琪,2025-06-12 11:15:00,,Callrecord-562,+8613622341234,465
1,黄思琪,2025-06-12 13:28:00,1-8,Callrecord-563,+8613622341234,120
1,林志豪,2025-06-12 15:45:00,,Callrecord-564,+8613818987654,430
1,钱永强,2025-06-12 17:45:00,,Callrecord-565,+8613973111222,210
0,李秀英,2025-06-12 23:50:00,,Callrecord-566,+8613907128765,195
0,李秀英,2025-06-13 09:20:00,,Callrecord-567,+8613907128765,495
1,孙晓雅,2025-06-13 15:10:00,,Callrecord-568,+8613887123456,330
0,李秀英,2025-06-13 19:15:00,,Callrecord-569,+8613907128765,330
1,冯建国,2025-06-14 07:45:00,,Callrecord-570,+8613807123456,630
1,钱永强,2025-06-14 08:05:00,52-2,Callrecord-571,+8613973111222,195
1,吴俊杰,2025-06-14 18:15:00,,Callrecord-572,+8613787345678,330
1,吴俊杰,2025-06-14 19:05:00,,Callrecord-573,+8613787345678,180
0,李秀英,2025-06-14 19:45:00,,Callrecord-574,+8613907128765,600
1,黄思琪,2025-06-15 17:50:00,,Callrecord-575,+8613622341234,900
0,孙晓雅,2025-06-16 09:18:30,,Callrecord-576,+8613672345678,285
1,钱永强,2025-06-16 09:35:05,236-1,Callrecord-577,+8613973111222,225
0,黄思琪,2025-06-16 10:45:18,4-2,Callrecord-578,+8613622341234,167
0,冯欣然,2025-06-16 13:15:00,,Callrecord-579,+8613821775432,220
1,黄思琪,2025-06-16 14:25:00,4-2,Callrecord-580,+8613622341234,210
1,李秀英,2025-06-16 18:15:00,,Callrecord-581,+8613907128765,300
1,钱永强,2025-06-17 10:05:15,,Callrecord-582,13973111222,150
1,吴俊杰,2025-06-17 11:45:30,18-4-4,Callrecord-583,13787345678,160
0,钱永强,2025-06-17 13:25:05,236-2,Callrecord-584,13973111222,75
1,黄思琪,2025-06-17 15:55:10,,Callrecord-585,13622341234,210
1,冯建国,2025-06-17 17:35:00,,Callrecord-586,+8613807123456,200
0,郑文博,2025-06-18 09:05:00,,Callrecord-587,+8613787349876,150
1,钱永强,2025-06-18 09:32:15,4-5,Callrecord-588,+8613973111222,630
0,李秀英,2025-06-18 12:15:00,,Callrecord-589,+8613907128765,330
1,钱永强,2025-06-18 12:45:00,,Callrecord-590,+86137073111222,330
0,冯建国,2025-06-18 15:05:00,,Callrecord-591,+8613807123456,315
1,黄思琪,2025-06-18 17:30:00,,Callrecord-592,+8613622341234,525
1,张明轩,2025-06-18 21:45:00,239-3,Callrecord-593,+8613622345678,4500
1,黄思琪,2025-06-19 10:15:00,,Callrecord-594,+8613622341234,450
1,冯建国,2025-06-20 08:10:00,,Callrecord-595,+8613807123456,330
1,钱永强,2025-06-20 11:45:00,,Callrecord-596,+8613973111222,210
0,张明轩,2025-06-20 12:40:00,,Callrecord-597,+8613622345678,720
1,静界瑜伽生活馆,2025-06-20 18:45:00,,Callrecord-598,4001234567,150
0,李秀英,2025-06-20 19:30:00,5-2,Callrecord-599,+8613907128765,735
0,冯欣然,2025-06-21 09:20:00,5-3,Callrecord-600,+8613817765432,915
1,张明轩,2025-06-21 13:50:00,17-3-5,Callrecord-601,+8613622345678,510
0,徐佳宁,2025-06-21 21:15:00,6-4,Callrecord-602,+8613622344321,630
1,李秀英,2025-06-22 09:30:00,,Callrecord-603,+8613907128765,315
1,谢雨桐,2025-06-22 12:45:00,18-5,Callrecord-604,+8613622345566,210
0,吴俊杰,2025-06-22 14:05:00,,Callrecord-605,+8613787345678,345
1,黄思琪,2025-06-22 16:30:00,237-1-3,Callrecord-606,+8613622341234,310
1,李秀英,2025-06-22 19:15:00,,Callrecord-607,+8613907128765,630
1,彭雨晴,2025-06-22 19:50:00,18-5,Callrecord-608,+8613787344567,4500
1,李秀英,2025-06-23 08:15:00,,Callrecord-609,+8613907128765,330
0,钱永强,2025-06-23 11:30:00,237-2,Callrecord-610,+8613973111222,315
1,林志豪,2025-06-23 13:25:00,237-2,Callrecord-611,+8613818987654,180
1,钱永强,2025-06-23 16:45:00,,Callrecord-612,+8613973111222,345
1,冯建国,2025-06-23 19:15:00,,Callrecord-613,+8613807123456,630
1,张明轩,2025-06-23 20:15:00,56-1-2,Callrecord-614,+8613622345678,435
1,钱永强,2025-06-24 11:35:00,237-3,Callrecord-615,+8613973111222,330
1,黄思琪,2025-06-24 15:25:00,20-1-3,Callrecord-616,+8613622341234,195
1,钱永强,2025-06-24 17:55:00,,Callrecord-617,+8613973111222,450
1,李秀英,2025-06-24 18:15:00,,Callrecord-618,+8613907128765,465
0,郑文博,2025-06-24 20:45:00,,Callrecord-619,+8613777349876,195
1,彭雨晴,2025-06-25 12:10:00,56-1-3,Callrecord-620,+8613787344567,330
0,冯建国,2025-06-25 18:30:00,,Callrecord-621,+8613807123456,615
0,归心苑便利店,2025-06-25 18:50:00,,Callrecord-622,+8613723456789,150
1,郑文博,2025-06-25 20:05:00,241-1,Callrecord-623,+8613787349876,465
0,钱永强,2025-06-26 08:58:00,,Callrecord-624,+8613973111222,270
1,悦动瑜伽生活馆,2025-06-26 09:16:00,152-2,Callrecord-625,0731-88886666,225
1,林志豪,2025-06-26 09:35:00,,Callrecord-626,+8613818987654,1035
0,钱永强,2025-06-27 08:55:30,,Callrecord-627,+8613973111222,405
1,黄思琪,2025-06-27 11:20:00,241-2-3,Callrecord-628,+8613622341234,510
0,郑文博,2025-06-27 15:45:10,241-2-3,Callrecord-629,+8613787349876,450
1,冯建国,2025-06-27 17:30:00,,Callrecord-630,+8613807123456,315
0,张明轩,2025-06-27 20:15:00,,Callrecord-631,+8613622345678,465
1,李秀英,2025-06-27 21:35:00,,Callrecord-632,+8613907128765,930
1,钱永强,2025-06-29 11:45:00,7-2,Callrecord-633,+8613973111222,330
1,徐佳宁,2025-06-29 13:15:00,,Callrecord-634,+8613622344321,435
1,冯建国,2025-06-29 17:30:00,,Callrecord-635,+8613807123456,1500
0,黄思琪,2025-06-30 13:25:00,,Callrecord-636,+8613622341234,210
1,钱永强,2025-06-30 14:05:00,241-3,Callrecord-637,+8613973111222,195
1,冯建国,2025-06-30 20:40:00,7-6,Callrecord-638,+8613807123456,2400
0,钱永强,2025-07-01 08:45:00,79-1-1,Callrecord-639,+8613973111222,210
1,黄思琪,2025-07-01 11:30:00,20-2-1,Callrecord-640,+8613887123456,615
0,李秀英,2025-07-01 12:35:00,,Callrecord-641,+8613907128765,430
1,谢雨桐,2025-07-01 13:25:00,22-1-1,Callrecord-642,+8613622345566,225
1,黄思琪,2025-07-01 14:05:00,20-2-1,Callrecord-643,+8613622341234,1820
1,郑文博,2025-07-01 17:25:00,241-4,Callrecord-644,+8613777349876,130
0,冯欣然,2025-07-01 17:55:00,,Callrecord-645,+8613817765432,900
1,陆家明,2025-07-01 20:15:00,126-2-1,Callrecord-646,+8613787345689,600
1,冯建国,2025-07-01 20:50:00,,Callrecord-647,+8613807123456,1800
1,钱永强,2025-07-02 10:15:00,79-1-2,Callrecord-648,+8613973111222,450
1,黄思琪,2025-07-02 11:45:00,20-2-2,Callrecord-649,+8613622341234,195
1,黄思琪,2025-07-02 14:05:00,20-2-2,Callrecord-650,+8613672341234,300
1,谢雨桐,2025-07-02 20:15:00,22-1-2,Callrecord-651,+8613622345566,600
1,孙晓雅,2025-07-03 14:15:30,20-2-3,Callrecord-652,+8613857123456,760
0,钱永强,2025-07-03 16:45:00,,Callrecord-653,+8613973111222,435
1,冯欣然,2025-07-03 20:00:00,64-1,Callrecord-654,+8613817765432,2700
1,李秀英,2025-07-04 08:45:00,138-3-5,Callrecord-655,+8613907128765,315
0,郑文博,2025-07-04 10:05:00,79-1-4,Callrecord-656,+8613787349876,210
1,黄思琪,2025-07-04 11:30:00,,Callrecord-657,+8613622341234,525
1,陆家明,2025-07-04 14:15:00,,Callrecord-658,+8613787345689,210
1,徐佳宁,2025-07-05 06:00:00,139-4-3,Callrecord-659,+8613622344321,1500
1,李秀英,2025-07-05 13:30:00,56-2,Callrecord-660,+8613907128765,900
1,黄思琪,2025-07-05 21:50:00,20-2-5,Callrecord-661,+8613672341234,900
1,徐佳宁,2025-07-06 21:35:00,56-4,Callrecord-662,+8613622344321,435
1,冯欣然,2025-07-07 07:45:00,64-5,Callrecord-663,+8613817765432,330
0,钱永强,2025-07-07 12:45:00,,Callrecord-664,+8613973111222,195
1,钱永强,2025-07-07 14:30:00,20-2-6,Callrecord-665,+8613973111222,315
1,郑文博,2025-07-08 08:28:00,,Callrecord-666,+8613787349876,255
1,公司法务部,2025-07-08 10:35:00,20-2-7,Callrecord-667,+8610701234567,225
1,黄思琪,2025-07-08 11:45:00,,Callrecord-668,+8613622341234,210
1,钱永强,2025-07-08 14:45:00,,Callrecord-669,+8613973111222,330
1,徐佳宁,2025-07-08 19:05:00,,Callrecord-670,+8613622344321,420
1,高云飞,2025-07-09 06:40:00,21-2-3,Callrecord-671,+8613787343210,150
0,钱永强,2025-07-09 09:45:00,79-2-2,Callrecord-672,+8613973111222,420
1,刘经理,2025-07-09 10:25:00,20-2-8,Callrecord-673,010-12345678,600
1,黄思琪,2025-07-09 11:15:00,,Callrecord-674,+8613622341234,450
0,冯建国,2025-07-09 12:30:00,,Callrecord-675,+8613807123456,480
1,钱永强,2025-07-09 14:35:00,241-7,Callrecord-676,+8613973111222,330
1,郑文博,2025-07-09 17:50:00,,Callrecord-677,+8613787349876,315
1,黄思琪,2025-07-10 11:15:00,20-2-9,Callrecord-678,+8613622341234,450
0,郑文博,2025-07-10 12:05:00,,Callrecord-679,+8613787349876,135
1,冯欣然,2025-07-10 13:15:00,64-8,Callrecord-680,+8613817765432,1245
1,孙晓雅,2025-07-10 14:30:00,20-2-9,Callrecord-681,+8613857123456,910
1,钱永强,2025-07-10 17:45:00,79-2-3,Callrecord-682,+8613973111222,630
1,谢雨桐,2025-07-10 20:15:00,,Callrecord-683,+8613612345678,645
1,郑文博,2025-07-11 07:12:00,79-2-4,Callrecord-684,+8613787349876,480
1,谢雨桐,2025-07-11 07:40:00,22-2,Callrecord-685,+8613622345566,150
0,徐佳宁,2025-07-11 08:25:00,22-2,Callrecord-686,+8613622344321,300
0,黄思琪,2025-07-11 13:25:00,22-2,Callrecord-687,+8613622341234,420
0,谢雨桐,2025-07-11 14:15:00,22-2,Callrecord-688,+8613622345566,150
1,高云飞,2025-07-11 18:45:00,22-2,Callrecord-689,+8613787343210,315
1,徐佳宁,2025-07-12 09:15:00,,Callrecord-690,+8613622344321,330
1,陆家明,2025-07-12 11:50:00,24-5-2,Callrecord-691,+8613787345689,480
1,徐佳宁,2025-07-12 16:30:00,,Callrecord-692,+8613622344321,735
0,张明轩,2025-07-13 10:30:00,69-1,Callrecord-693,+8613622345678,915
1,钱永强,2025-07-13 20:10:00,,Callrecord-694,+8613973111222,330
1,钱永强,2025-07-15 08:45:00,,Callrecord-695,+8613973111222,210
1,李秀英,2025-07-15 18:05:00,,Callrecord-696,+8613907128765,315
1,李秀英,2025-07-15 18:10:00,,Callrecord-697,+8613907128765,330
1,李秀英,2025-07-16 08:20:00,,Callrecord-698,+8613973128765,330
0,黄思琪,2025-07-16 12:30:00,,Callrecord-699,+8613622341234,315
1,冯建国,2025-07-16 19:45:00,,Callrecord-700,+8613807123456,435
1,陆家明,2025-07-16 23:12:00,,Callrecord-701,+8613787345689,390
1,李秀英,2025-07-17 08:50:00,,Callrecord-702,+8613907128765,195
0,张明轩,2025-07-17 09:30:00,,Callrecord-703,+8613622345678,345
0,林志豪,2025-07-17 10:05:00,245-1,Callrecord-704,+8613818987654,210
1,冯建国,2025-07-17 13:20:00,,Callrecord-705,+8613807123456,310
1,孙晓雅,2025-07-17 14:00:00,,Callrecord-706,+8613857123456,740
1,钱永强,2025-07-17 15:10:00,245-6,Callrecord-707,+8613973111222,300
1,张明轩,2025-07-17 19:40:00,54-1,Callrecord-708,+8613622345678,1500
0,冯建国,2025-07-17 20:10:00,,Callrecord-709,+8613807123456,300
1,钱永强,2025-07-17 22:45:00,,Callrecord-710,+8613973111222,300
0,钱永强,2025-07-18 08:05:30,,Callrecord-711,+8613973111222,165
1,钱永强,2025-07-18 10:32:00,240-1-4,Callrecord-712,+8613973111222,225
1,钱永强,2025-07-18 17:25:00,,Callrecord-713,+8613973111222,210
1,钱永强,2025-07-20 16:45:00,,Callrecord-714,+8613973111222,210
0,张明轩,2025-07-20 21:30:00,,Callrecord-715,+8613622345678,720
1,冯建国,2025-07-20 22:00:00,,Callrecord-716,+8613807123456,900
0,冯建国,2025-07-21 12:15:00,,Callrecord-717,+8613807123456,330
0,徐佳宁,2025-07-21 13:15:00,,Callrecord-718,+8613622344321,330
1,黄思琪,2025-07-21 15:05:00,20-6,Callrecord-719,+8613622341234,465
1,张明轩,2025-07-22 09:50:00,,Callrecord-720,+8613622345678,510
0,冯建国,2025-07-22 15:40:00,,Callrecord-721,+8613807123456,330
0,郑文博,2025-07-23 14:05:00,,Callrecord-722,+8613787349876,210
0,冯建国,2025-07-23 21:45:00,,Callrecord-723,+8613807123456,210
1,冯建国,2025-07-24 09:40:00,240-4,Callrecord-724,+8613807123456,330
0,彭雨晴,2025-07-24 13:50:05,240-6,Callrecord-725,+8613787344567,155
0,冯建国,2025-07-24 19:15:00,242-2,Callrecord-726,+8613807123456,330
1,张明轩,2025-07-24 20:45:00,,Callrecord-727,+8613622345678,610
1,网约车平台,2025-07-25 11:40:00,240-5,Callrecord-728,4000000000,90
0,冯建国,2025-07-25 15:20:00,240-5,Callrecord-729,+8613807123456,315
1,钱永强,2025-07-25 16:45:00,240-7,Callrecord-730,+8613973111222,210
0,冯建国,2025-07-25 20:05:00,242-4,Callrecord-731,+8613807123456,210
1,张明轩,2025-07-26 14:20:00,54-4,Callrecord-732,+8613622345678,315
1,张明轩,2025-07-26 17:25:00,54-6,Callrecord-733,+8613622345678,225
0,张明轩,2025-07-27 09:05:00,54-7,Callrecord-734,+8613622345678,630
1,张明轩,2025-07-27 10:20:00,,Callrecord-735,+8613622345678,345
0,张明轩,2025-07-27 12:05:00,54-8,Callrecord-736,+8613622345678,200
1,钱永强,2025-07-27 20:05:00,,Callrecord-737,+8613973111222,210
1,张明轩,2025-07-27 20:40:00,54-9,Callrecord-738,+8613622345678,735
1,黄思琪,2025-07-28 10:45:00,,Callrecord-739,+8613622341234,450
0,林志豪,2025-07-28 11:20:00,,Callrecord-740,+8613818987654,495
0,张明轩,2025-07-28 12:05:00,126-4-1,Callrecord-741,+8613622345678,465
1,孙晓雅,2025-07-28 14:30:00,62-1,Callrecord-742,+8613857123456,1100
1,彭雨晴,2025-07-28 20:32:15,126-4-1,Callrecord-743,+8613787344567,1230
0,钱永强,2025-07-29 08:45:00,,Callrecord-744,+8613973111222,210
0,黄思琪,2025-07-29 11:20:00,,Callrecord-745,+8613622341234,915
1,冯建国,2025-07-29 17:05:00,,Callrecord-746,13807123456,210
1,黄思琪,2025-07-29 23:35:00,20-9,Callrecord-747,13622341234,195
1,黄思琪,2025-07-30 14:15:00,,Callrecord-748,13622341234,630
1,李秀英,2025-07-30 19:15:00,,Callrecord-749,+8613907128765,1200
1,黄思琪,2025-07-30 21:35:00,,Callrecord-750,+8613622341234,180
1,高云飞,2025-07-31 06:15:00,,Callrecord-751,+8613787343210,210
0,郑文博,2025-07-31 12:50:00,113-3,Callrecord-752,+8613787349876,900
1,钱永强,2025-07-31 16:45:00,,Callrecord-753,+8613973111222,450
1,冯欣然,2025-07-31 20:40:00,79-5-6,Callrecord-754,+8613817765432,1800
0,郑文博,2025-08-01 09:02:05,20-8,Callrecord-755,+8613787349876,145
0,张明轩,2025-08-01 10:15:00,20-8,Callrecord-756,+8613622345678,315
0,冯建国,2025-08-01 10:30:00,,Callrecord-757,+8613807123456,720
0,林志豪,2025-08-01 11:25:40,20-8,Callrecord-758,+8613818987654,150
1,彭雨晴,2025-08-01 21:10:00,,Callrecord-759,+8613787344567,900
1,陆家明,2025-08-02 08:45:00,24-8,Callrecord-760,+8613787345689,210
1,沈心怡,2025-08-02 14:05:00,,Callrecord-761,+8613778734567,210
1,吴俊杰,2025-08-02 17:45:00,24-8,Callrecord-762,+8613778734567,195
1,高云飞,2025-08-03 06:05:00,44-2-3,Callrecord-763,+8613787343210,180
0,李秀英,2025-08-03 16:30:00,,Callrecord-764,+8613907128765,720
0,钱永强,2025-08-04 08:45:00,,Callrecord-765,+8613973111222,150
1,孙晓雅,2025-08-04 10:15:00,80-1-5,Callrecord-766,+861387149876,315
0,黄思琪,2025-08-04 14:30:00,,Callrecord-767,+8613622341234,345
0,黄思琪,2025-08-04 19:50:00,,Callrecord-768,+8613622341234,900
1,冯建国,2025-08-04 20:50:00,,Callrecord-769,+8613807123456,1800
1,张明轩,2025-08-04 21:05:00,,Callrecord-770,+8613622345678,600
0,李秀英,2025-08-05 08:40:00,,Callrecord-771,+8613907128765,750
1,李哲,2025-08-05 13:00:00,156-3,Callrecord-772,+8613812345678,1680
0,黄思琪,2025-08-05 15:45:00,,Callrecord-773,+8613622341234,780
1,钱永强,2025-08-05 16:50:00,,Callrecord-774,+8613973111222,330
1,李秀英,2025-08-05 17:50:00,,Callrecord-775,+8613907128765,900
1,徐佳宁,2025-08-05 19:50:00,49-2,Callrecord-776,+8613622344321,900
0,张明轩,2025-08-05 21:15:00,,Callrecord-777,+8613622345678,600
0,黄思琪,2025-08-06 10:45:00,,Callrecord-778,+8613622341234,420
1,林志豪,2025-08-06 11:15:00,,Callrecord-779,+8613818987654,480
0,高云飞,2025-08-07 06:40:00,153-4-6,Callrecord-780,+8613787343210,330
1,陆家明,2025-08-07 11:30:00,,Callrecord-781,+8613787345689,315
1,冯建国,2025-08-07 19:45:00,,Callrecord-782,+8613807123456,450
1,钱永强,2025-08-08 11:45:00,80-1-8,Callrecord-783,+8613973111222,450
0,黄思琪,2025-08-08 16:20:00,80-1-8,Callrecord-784,+8613622341234,495
1,冯建国,2025-08-08 20:20:00,,Callrecord-785,13807123456,1800
1,冯建国,2025-08-09 10:30:00,,Callrecord-786,+8613807123456,912
0,张明轩,2025-08-09 12:20:00,65-1-3,Callrecord-787,+8613622345678,330
0,冯欣然,2025-08-09 21:05:00,,Callrecord-788,+8613817765432,810
1,李秀英,2025-08-10 08:15:00,,Callrecord-789,+8613907128765,330
1,张明轩,2025-08-10 09:45:00,,Callrecord-790,+8613622345678,195
0,冯建国,2025-08-10 09:50:00,,Callrecord-791,+8613807123456,225
0,王丽娜,2025-08-10 10:30:00,,Callrecord-792,+8613622349876,320
1,徐佳宁,2025-08-10 14:30:00,248-4,Callrecord-793,+8613622344321,910
0,张明轩,2025-08-10 19:45:00,248-4,Callrecord-794,+8613622345678,450
1,李秀英,2025-08-10 20:25:00,,Callrecord-795,+8613907128765,375
1,冯建国,2025-08-10 21:30:00,25-3-4,Callrecord-796,+8613807123456,1800
1,李秀英,2025-08-11 10:30:00,249-1,Callrecord-797,+8613907128765,495
1,孙晓雅,2025-08-11 13:25:00,249-2,Callrecord-798,+8613857123456,190
0,钱永强,2025-08-11 16:50:00,,Callrecord-799,+8613973111222,345
1,郑文博,2025-08-12 11:55:00,249-4,Callrecord-800,+8613787349876,150
1,孙晓雅,2025-08-12 15:45:00,249-4,Callrecord-801,+8613857123456,810
1,李秀英,2025-08-12 19:35:00,,Callrecord-802,+8613907128765,1020
1,高云飞,2025-08-13 06:05:00,,Callrecord-803,+8613787343210,210
1,彭雨晴,2025-08-13 18:20:00,65-1-2,Callrecord-804,+8613787344567,510
1,李秀英,2025-08-13 18:40:00,,Callrecord-805,+8613907128765,1800
1,孙晓雅,2025-08-14 08:30:00,,Callrecord-806,+861387149876,915
0,郑文博,2025-08-14 10:15:00,,Callrecord-807,+8613787349876,330
1,张明轩,2025-08-14 21:45:00,,Callrecord-808,+8613612345678,630
1,黄思琪,2025-08-15 16:10:00,114-2,Callrecord-809,13622341234,510
1,李秀英,2025-08-15 18:30:00,,Callrecord-810,+8613907128765,600
0,冯建国,2025-08-15 21:15:00,114-2,Callrecord-811,+8613807123456,600
0,高云飞,2025-08-16 06:20:00,,Callrecord-812,+86137787343210,330
1,冯欣然,2025-08-16 09:50:00,,Callrecord-813,+8613817765432,195
1,郑文博,2025-08-16 19:05:00,,Callrecord-814,+8613787349876,330
0,李秀英,2025-08-17 07:15:00,65-4,Callrecord-815,+8613907128765,330
1,谢雨桐,2025-08-17 22:15:00,27-6-3,Callrecord-816,+8613622345566,330
1,郑文博,2025-08-18 08:10:00,,Callrecord-817,+8613787349876,630
1,钱永强,2025-08-18 11:45:00,80-3-3,Callrecord-818,+8613973111222,435
1,李秀英,2025-08-18 20:40:00,,Callrecord-819,+8613907128765,1800
1,高云飞,2025-08-19 07:15:00,49-7,Callrecord-820,+8613787343210,300
1,孙晓雅,2025-08-19 11:35:00,80-3-4,Callrecord-821,+8613857123456,600
0,郑文博,2025-08-20 08:35:00,80-3-5,Callrecord-822,+8613787349876,315
1,钱永强,2025-08-20 09:15:00,,Callrecord-823,+8613973111222,210
1,李秀英,2025-08-20 12:20:00,,Callrecord-824,+8613907128765,525
1,罗振宇,2025-08-20 21:35:15,143-1,Callrecord-825,+8613622346677,805
1,李秀英,2025-08-21 07:50:00,,Callrecord-826,+8613907128765,330
0,冯建国,2025-08-21 13:45:00,251-1,Callrecord-827,+8613807123456,435
1,黄思琪,2025-08-21 16:15:00,,Callrecord-828,+8613622341234,330
1,彭雨晴,2025-08-21 20:10:00,27-5,Callrecord-829,+8613787344567,525
0,冯欣然,2025-08-22 08:15:00,,Callrecord-830,+8613817765432,330
0,钱永强,2025-08-22 09:45:00,80-3-7,Callrecord-831,+8613973111222,315
0,黄思琪,2025-08-22 15:05:00,,Callrecord-832,+8613622341234,465
1,钱永强,2025-08-22 17:15:00,,Callrecord-833,+8613973111222,330
1,高云飞,2025-08-23 07:55:00,,Callrecord-834,+8613787343210,420
1,李秀英,2025-08-23 10:15:00,,Callrecord-835,+8613907128765,780
0,冯欣然,2025-08-24 20:15:00,,Callrecord-836,+8613817765432,630
0,钱永强,2025-08-25 08:15:00,,Callrecord-837,+8613907111111,150
1,黄思琪,2025-08-25 08:45:00,,Callrecord-838,+8613622345678,195
0,黄思琪,2025-08-25 14:15:00,252-5,Callrecord-839,+8613622341234,330
1,罗振宇,2025-08-25 21:30:00,143-4,Callrecord-840,+8613622346677,1500
1,李秀英,2025-08-26 12:50:00,,Callrecord-841,+8613907128765,225
1,钱永强,2025-08-26 13:45:00,252-6,Callrecord-842,+8613973111222,210
0,张明轩,2025-08-26 18:15:00,,Callrecord-843,+8613607123456,210
1,李秀英,2025-08-26 21:50:00,,Callrecord-844,+8613907128765,1800
1,李秀英,2025-08-27 12:35:00,,Callrecord-845,+8613907128765,795
1,黄思琪,2025-08-27 13:25:00,,Callrecord-846,+8613622341234,600
1,罗振宇,2025-08-27 21:30:00,144-1-2,Callrecord-847,+8613622346677,900
1,黄思琪,2025-08-28 09:45:00,26-4,Callrecord-848,+8613622341234,330
0,钱永强,2025-08-28 13:15:00,,Callrecord-849,+8613973111222,330
1,陆家明,2025-08-28 17:20:00,121-1-5,Callrecord-850,+861372345689,345
1,李秀英,2025-08-29 08:35:00,,Callrecord-851,+8613907128765,315
1,黄思琪,2025-08-29 10:15:00,,Callrecord-852,+8613622341234,630
0,郑文博,2025-08-29 11:55:00,,Callrecord-853,+8613787349876,130
1,罗振宇,2025-08-29 13:20:00,144-1-3,Callrecord-854,+8613622346677,525
1,林志豪,2025-08-29 15:10:00,,Callrecord-855,+8613818987654,500
1,李秀英,2025-08-29 16:05:00,80-5,Callrecord-856,+8613907128765,450
0,高云飞,2025-08-29 21:15:00,,Callrecord-857,+8613612345678,465
0,冯建国,2025-08-30 09:18:30,255-3,Callrecord-858,+8613807123456,225
1,徐佳宁,2025-08-30 11:05:45,255-3,Callrecord-859,+8613622344321,145
1,李秀英,2025-08-30 17:20:00,,Callrecord-860,+8613907128765,495
1,李秀英,2025-08-31 13:20:00,,Callrecord-861,+8613907128765,915
1,郑文博,2025-08-31 14:45:00,153-4-9,Callrecord-862,+8613787349876,450
1,黄思琪,2025-08-31 16:30:00,,Callrecord-863,+8613672341234,525
1,冯建国,2025-08-31 19:05:00,,Callrecord-864,+8613807123456,210
1,李秀英,2025-08-31 19:30:00,253-5,Callrecord-865,+8613907128765,3600
1,郑文博,2025-09-01 08:55:00,,Callrecord-866,+8613777349876,600
1,孙晓雅,2025-09-01 09:25:00,267-1-1,Callrecord-867,+8613877123456,300
0,钱永强,2025-09-01 11:45:00,114-4-4,Callrecord-868,+8613973111222,420
1,钱永强,2025-09-01 17:45:00,,Callrecord-869,+8613973111222,450
0,钱永强,2025-09-02 09:05:30,,Callrecord-870,+8613973111222,100
1,罗振宇,2025-09-02 12:45:00,144-3,Callrecord-871,+8613622346677,2400
0,钱永强,2025-09-02 14:30:00,,Callrecord-872,+8613973111222,900
0,郑文博,2025-09-03 09:40:00,267-1-3,Callrecord-873,+8613787349876,195
1,钱永强,2025-09-03 13:45:00,,Callrecord-874,+8613973111222,630
1,郑文博,2025-09-04 08:45:00,,Callrecord-875,+8613787349876,150
0,钱永强,2025-09-04 09:45:00,267-1-4,Callrecord-876,+8613973111222,315
0,林志豪,2025-09-04 11:10:00,,Callrecord-877,+8613818987654,525
1,郑文博,2025-09-04 12:05:00,,Callrecord-878,+8613787349876,200
1,冯建国,2025-09-04 13:25:00,28-2,Callrecord-879,+8613807123456,600
0,林志豪,2025-09-04 16:45:00,,Callrecord-880,+8613722345678,420
0,张明轩,2025-09-05 09:45:00,114-4-5,Callrecord-881,+8613622345678,435
0,钱永强,2025-09-05 14:30:00,259-1,Callrecord-882,+8613973111222,930
1,黄思琪,2025-09-05 15:00:00,256-2,Callrecord-883,+8613622341234,7080
1,黄思琪,2025-09-05 17:05:00,,Callrecord-884,+8613622341234,210
1,李秀英,2025-09-05 17:45:00,,Callrecord-885,+8613907128765,630
1,彭雨晴,2025-09-05 18:25:00,,Callrecord-886,+8613787344567,195
0,彭雨晴,2025-09-05 19:45:00,48-7,Callrecord-887,+8613787344567,180
1,李秀英,2025-09-05 20:15:00,48-7,Callrecord-888,+8613907128765,1200
1,高云飞,2025-09-06 10:15:00,260-4,Callrecord-889,+8613787343210,330
0,李秀英,2025-09-06 11:30:00,260-4,Callrecord-890,+8613907128765,495
0,张明轩,2025-09-06 13:20:00,,Callrecord-891,+8613622345678,345
1,罗振宇,2025-09-06 19:40:00,,Callrecord-892,13622346677,150
1,罗振宇,2025-09-06 19:50:00,146-1-4,Callrecord-893,13622346677,7500
1,沈心怡,2025-09-07 12:05:15,,Callrecord-894,13787346789,150
1,冯建国,2025-09-07 18:20:00,259-3,Callrecord-895,+8613807123456,3600
1,钱永强,2025-09-08 09:15:00,257-3,Callrecord-896,+8613973111222,210
0,冯建国,2025-09-08 15:05:00,114-4-6,Callrecord-897,+8613807123456,420
1,钱永强,2025-09-08 17:05:00,267-2-1,Callrecord-898,+8613973111222,210
1,冯建国,2025-09-08 19:30:00,265-3,Callrecord-899,+8613807123456,900
1,李秀英,2025-09-09 18:15:00,,Callrecord-900,+8613907128765,450
0,静心流瑜伽,2025-09-09 19:05:00,153-5-1,Callrecord-901,+8613600000000,150
1,李秀英,2025-09-09 20:55:00,265-4,Callrecord-902,+8613907128765,600
1,高云飞,2025-09-10 06:45:00,,Callrecord-903,+8613787343210,1200
1,黄思琪,2025-09-10 11:30:00,,Callrecord-904,+8613622341234,900
1,黄思琪,2025-09-10 13:30:00,267-4,Callrecord-905,+8613622341234,1500
0,冯欣然,2025-09-10 17:45:00,,Callrecord-906,+8613817765432,900
0,郑文博,2025-09-11 09:50:00,,Callrecord-907,+86137787349876,330
1,黄思琪,2025-09-11 13:50:00,26-7,Callrecord-908,+8613622341234,900
0,罗振宇,2025-09-11 21:15:00,146-2-1,Callrecord-909,+8613622346677,600
1,钱永强,2025-09-12 08:45:00,,Callrecord-910,+8613973111222,210
0,林志豪,2025-09-12 09:55:00,267-5,Callrecord-911,+8613818987654,600
0,冯建国,2025-09-12 11:15:00,,Callrecord-912,+8613807123456,300
1,林志豪,2025-09-12 18:05:00,256-4,Callrecord-913,+8613818987654,210
0,黄思琪,2025-09-12 19:30:00,267-6,Callrecord-914,+8613622341234,315
0,李秀英,2025-09-13 09:00:00,,Callrecord-915,+8613907128765,510
0,张明轩,2025-09-13 20:15:00,,Callrecord-916,+8613622345678,630
1,李秀英,2025-09-13 21:55:00,,Callrecord-917,+8613907128765,1380
1,携程旅行,2025-09-14 11:25:00,27-7-3,Callrecord-918,4008208820,210
0,张明轩,2025-09-14 12:45:00,,Callrecord-919,13622345678,435
1,徐佳宁,2025-09-14 21:10:00,127-5,Callrecord-920,+8613622344321,1500
1,李秀英,2025-09-14 21:40:00,,Callrecord-921,+8613907128765,1200
0,钱永强,2025-09-15 09:30:15,114-5-1,Callrecord-922,+8613973111222,330
1,黄思琪,2025-09-15 11:20:00,,Callrecord-923,+8613622341234,510
1,孙晓雅,2025-09-15 14:05:00,149-1,Callrecord-924,+8613857123456,435
1,冯欣然,2025-09-15 20:05:00,,Callrecord-925,+8613817765432,210
1,冯欣然,2025-09-15 20:30:00,127-3-1,Callrecord-926,+8613817765432,2700
0,李秀英,2025-09-15 21:20:00,127-3-1,Callrecord-927,+8613907128765,900
1,黄思琪,2025-09-16 13:35:00,,Callrecord-928,+8613622341234,1230
0,冯建国,2025-09-17 09:15:00,,Callrecord-929,13807123456,210
1,郑文博,2025-09-17 11:20:15,,Callrecord-930,13787349876,210
0,钱永强,2025-09-17 16:50:00,,Callrecord-931,+8613973111222,330
1,张明轩,2025-09-17 20:35:00,,Callrecord-932,+8613622345678,435
1,冯建国,2025-09-18 12:05:00,,Callrecord-933,+8613807123456,330
0,张明轩,2025-09-18 19:55:00,,Callrecord-934,+8613622345678,630
1,冯建国,2025-09-18 20:50:00,30-4,Callrecord-935,+8613807123456,1800
1,彭雨晴,2025-09-19 17:05:00,30-5,Callrecord-936,+8613722345678,210
1,李秀英,2025-09-20 10:35:00,,Callrecord-937,+8613907128765,195
1,冯建国,2025-09-20 18:05:00,,Callrecord-938,+8613807123456,450
0,张明轩,2025-09-21 22:25:05,,Callrecord-939,+8613622345678,340
0,钱永强,2025-09-22 17:25:00,,Callrecord-940,+8613973111222,210
1,冯欣然,2025-09-22 20:45:00,,Callrecord-941,+8613817765432,1800
1,陆家明,2025-09-22 22:05:00,,Callrecord-942,+8613871234567,180
0,郑文博,2025-09-23 09:35:00,,Callrecord-943,+8613787349876,330
1,钱永强,2025-09-23 10:45:00,,Callrecord-944,+8613973111222,195
0,郑文博,2025-09-23 12:05:00,,Callrecord-945,+8613787349876,165
1,张明轩,2025-09-23 20:20:00,,Callrecord-946,+8613607123456,915
1,钱永强,2025-09-24 09:30:00,29-1,Callrecord-947,+8613973111222,315
1,钱永强,2025-09-24 20:25:00,29-1,Callrecord-948,+8613973111222,345
1,冯建国,2025-09-24 20:45:00,29-1,Callrecord-949,+8613807123456,1800
1,郑文博,2025-09-24 21:20:00,29-1,Callrecord-950,+8613777349876,210
0,郑文博,2025-09-25 11:45:00,29-2,Callrecord-951,+8613877349876,210
1,郑文博,2025-09-25 11:55:00,,Callrecord-952,+8613877349876,130
1,李秀英,2025-09-25 12:15:00,,Callrecord-953,+8613907128765,345
0,钱永强,2025-09-25 15:35:00,29-3,Callrecord-954,+8613973111222,435
1,郑文博,2025-09-25 17:20:00,29-4,Callrecord-955,+8613787349876,225
0,冯建国,2025-09-25 18:05:00,29-4,Callrecord-956,+8613807123456,210
1,沙龙工作人员,2025-09-25 19:15:00,256-7,Callrecord-957,+8613678945612,70
1,黄思琪,2025-09-26 08:45:20,,Callrecord-958,+8613622341234,165
0,林志豪,2025-09-26 10:15:00,29-5,Callrecord-959,+8613873087654,810
1,李秀英,2025-09-27 08:15:00,153-5-3,Callrecord-960,+8613907128765,630
0,郑文博,2025-09-27 13:25:00,,Callrecord-961,+8613787349876,195
1,彭雨晴,2025-09-27 15:45:00,258-4-7,Callrecord-962,+8613787344567,210
0,李秀英,2025-09-27 18:30:00,,Callrecord-963,+8613907128765,345
1,冯建国,2025-09-27 21:00:00,,Callrecord-964,+8613807123456,900
1,徐佳宁,2025-09-28 08:45:00,67-5,Callrecord-965,+8613622344321,6300
0,李秀英,2025-09-28 11:50:00,,Callrecord-966,+8613907128765,510
1,罗振宇,2025-09-28 13:20:00,146-2-2,Callrecord-967,+8613622346677,4800
1,钱永强,2025-09-29 09:45:00,149-7,Callrecord-968,+8613973111222,195
0,郑文博,2025-09-29 12:05:00,,Callrecord-969,+861377349876,165
1,黄思琪,2025-09-29 14:20:00,,Callrecord-970,+8613612341234,910
1,老长沙口味虾,2025-09-29 19:55:00,,Callrecord-971,+8613889000000,210
1,彭雨晴,2025-09-29 22:05:00,258-5,Callrecord-972,+8613787344567,780
1,黄思琪,2025-09-30 10:15:00,114-5-2,Callrecord-973,+8613622341234,450
0,林志豪,2025-09-30 14:45:00,,Callrecord-974,+8613818987654,610
0,冯建国,2025-09-30 15:45:00,256-8,Callrecord-975,+8613807123456,440
1,郑文博,2025-09-30 16:10:00,256-8,Callrecord-976,+8613777349876,525
1,李秀英,2025-09-30 21:45:10,,Callrecord-977,+8613907128765,450
1,李秀英,2025-10-01 09:25:00,270-1,Callrecord-978,+8613907128765,300
0,徐佳宁,2025-10-01 09:35:00,,Callrecord-979,+8613622344321,180
1,冯建国,2025-10-01 10:15:00,,Callrecord-980,+8613807123456,300
1,李秀英,2025-10-02 13:50:00,,Callrecord-981,+8613907128765,510
1,李秀英,2025-10-02 20:35:00,,Callrecord-982,+8613907128765,915
1,冯建国,2025-10-03 09:15:00,,Callrecord-983,+8613807123456,630
0,冯欣然,2025-10-04 11:50:00,,Callrecord-984,+8613817765432,330
1,彭雨晴,2025-10-04 20:50:00,134-7,Callrecord-985,+8613787344567,3600
1,徐佳宁,2025-10-05 06:15:00,,Callrecord-986,+8613622344321,210
0,钱永强,2025-10-05 16:15:00,,Callrecord-987,+8613973111222,310
1,徐佳宁,2025-10-05 19:15:00,32-5,Callrecord-988,+8613622344321,210
0,冯建国,2025-10-05 21:35:00,,Callrecord-989,+8613807123456,315
1,李秀英,2025-10-05 23:10:00,,Callrecord-990,+8613907128765,1500
0,冯建国,2025-10-06 13:25:00,32-6,Callrecord-991,+8613807123456,195
1,冯建国,2025-10-06 20:00:00,270-3,Callrecord-992,+8613807123456,4800
1,李秀英,2025-10-07 09:45:00,,Callrecord-993,+8613907128765,420
1,冯建国,2025-10-07 13:35:00,31-2,Callrecord-994,+8613807123456,630
1,钱永强,2025-10-08 08:55:00,,Callrecord-995,+8613973111222,450
0,冯建国,2025-10-08 11:40:00,67-6,Callrecord-996,+8613807123456,495
1,钱永强,2025-10-08 16:50:00,,Callrecord-997,+8613973111222,330
1,冯建国,2025-10-08 17:45:00,,Callrecord-998,+8613807123456,315
1,冯欣然,2025-10-08 20:15:00,31-6,Callrecord-999,+8613817765432,180
1,徐佳宁,2025-10-09 08:25:00,77-1,Callrecord-1000,+8613622344321,615
0,冯欣然,2025-10-09 12:15:00,,Callrecord-1001,+8613817765432,450
1,冯建国,2025-10-09 18:30:00,,Callrecord-1002,+8613807123456,315
1,彭雨晴,2025-10-09 18:45:00,135-2,Callrecord-1003,+8613787344567,210
1,吴俊杰,2025-10-09 21:02:00,,Callrecord-1004,+8613787345678,165
1,冯建国,2025-10-09 21:10:00,276-4,Callrecord-1005,+8613807123456,320
1,王经理,2025-10-10 14:30:15,,Callrecord-1006,+8613723456789,333
1,董浩然,2025-10-10 18:40:00,135-6,Callrecord-1007,+8613622348877,150
1,董浩然,2025-10-10 19:30:00,135-6,Callrecord-1008,+8613622348877,4500
1,蔡文静,2025-10-10 20:55:00,135-6,Callrecord-1009,+8613818905678,4500
1,郑文博,2025-10-11 14:50:00,,Callrecord-1010,+8613787349876,510
1,李秀英,2025-10-11 18:40:00,,Callrecord-1011,+8613907128765,1200
0,李秀英,2025-10-12 08:45:00,,Callrecord-1012,+8613907128765,435
1,郑文博,2025-10-12 12:05:00,,Callrecord-1013,+8613787349876,210
1,黄思琪,2025-10-12 14:20:00,,Callrecord-1014,+8613622341234,945
1,钱永强,2025-10-12 20:10:00,135-7,Callrecord-1015,+8613973111222,510
0,陆家明,2025-10-12 21:35:00,,Callrecord-1016,+8613723456789,195
0,李秀英,2025-10-13 08:40:00,,Callrecord-1017,+8613907128765,930
1,钱永强,2025-10-13 09:10:00,,Callrecord-1018,+8613973111222,345
0,冯建国,2025-10-13 09:18:00,,Callrecord-1019,+8613807123456,270
1,钱永强,2025-10-13 14:30:00,272-2,Callrecord-1020,+8613973111222,900
1,郑文博,2025-10-14 08:55:00,,Callrecord-1021,+86137787349876,330
1,孙晓雅,2025-10-14 10:45:00,,Callrecord-1022,+8613857123456,435
0,张明轩,2025-10-14 12:45:00,,Callrecord-1023,+8613622345678,210
1,黄思琪,2025-10-14 13:40:00,272-3,Callrecord-1024,+8613622341234,210
0,冯欣然,2025-10-14 18:20:00,,Callrecord-1025,+86138217765432,915
1,徐佳宁,2025-10-14 21:10:00,,Callrecord-1026,+8613622344321,1830
1,沈心怡,2025-10-15 17:05:00,,Callrecord-1027,+8613728734567,150
1,沈心怡,2025-10-16 08:05:00,77-2,Callrecord-1028,+8613787346789,150
1,黄思琪,2025-10-16 10:00:00,272-6,Callrecord-1029,+8613622341234,1080
0,林志豪,2025-10-16 11:45:00,,Callrecord-1030,+8613871387654,210
0,李秀英,2025-10-16 13:45:00,,Callrecord-1031,+8613907118765,420
1,徐佳宁,2025-10-16 15:20:00,77-2,Callrecord-1032,+8613622344321,300
1,徐佳宁,2025-10-16 18:10:00,77-2,Callrecord-1033,+8613622344321,150
1,李秀英,2025-10-16 22:45:00,,Callrecord-1034,+8613907128765,315
1,钱永强,2025-10-16 23:05:00,,Callrecord-1035,+8613973111222,210
1,数字人民币客服,2025-10-17 07:45:00,131-1,Callrecord-1036,+8613612345678,330
0,冯欣然,2025-10-17 08:25:00,,Callrecord-1037,+8613817765432,315
1,黄思琪,2025-10-17 10:15:00,,Callrecord-1038,+8613622341234,345
0,冯建国,2025-10-17 12:30:00,,Callrecord-1039,+8613807123456,600
1,钱永强,2025-10-17 14:00:00,,Callrecord-1040,+8613973111222,330
1,李秀英,2025-10-18 08:30:00,,Callrecord-1041,+8613907128765,615
1,冯建国,2025-10-18 15:45:00,154-3-8,Callrecord-1042,+8613807123456,630
0,李秀英,2025-10-18 18:20:00,,Callrecord-1043,+8613910712876,915
1,徐佳宁,2025-10-18 18:40:00,140-4,Callrecord-1044,+8613622344321,9000
0,彭雨晴,2025-10-19 11:20:00,,Callrecord-1045,+8613777344567,915
1,沈心怡,2025-10-19 13:45:00,,Callrecord-1046,+8613777346789,450
1,彭雨晴,2025-10-19 15:20:00,,Callrecord-1047,+8613777344567,510
1,李秀英,2025-10-20 07:25:00,31-7,Callrecord-1048,+8613907128765,210
1,钱永强,2025-10-20 11:45:00,92-6,Callrecord-1049,+8613973111222,195
0,校友会公众号,2025-10-20 12:55:00,74-1,Callrecord-1050,106900001234,90
0,冯建国,2025-10-21 08:45:00,,Callrecord-1051,+8613807123456,450
1,钱永强,2025-10-21 15:20:00,,Callrecord-1052,+8613973111222,495
1,钱永强,2025-10-22 08:05:00,,Callrecord-1053,+8613973111222,210
0,张明轩,2025-10-22 08:40:00,,Callrecord-1054,+8613622345678,315
0,冯建国,2025-10-22 09:15:00,,Callrecord-1055,+8613807123456,220
1,李秀英,2025-10-22 20:40:00,276-6,Callrecord-1056,+8613907128765,900
0,徐佳宁,2025-10-22 22:35:00,,Callrecord-1057,+8613622344321,420
1,黄思琪,2025-10-23 10:15:00,,Callrecord-1058,+8613622341234,450
0,冯建国,2025-10-23 11:30:00,,Callrecord-1059,+8613807123456,495
0,张明轩,2025-10-23 12:45:00,275-6,Callrecord-1060,+8613622345678,430
1,钱永强,2025-10-23 14:30:00,,Callrecord-1061,+8613973111222,345
1,徐佳宁,2025-10-23 21:35:00,75-2,Callrecord-1062,+8613622344321,600
1,徐佳宁,2025-10-23 22:00:00,78-4,Callrecord-1063,+8613622344321,1200
1,李秀英,2025-10-23 22:20:00,276-7,Callrecord-1064,+8613907128765,900
1,彭雨晴,2025-10-24 10:45:00,271-1,Callrecord-1065,+8613787345678,210
0,郑文博,2025-10-24 12:02:00,,Callrecord-1066,+8613787349876,135
1,吴俊杰,2025-10-24 17:05:00,271-1,Callrecord-1067,+8613787345678,210
1,李哲,2025-10-25 16:15:00,158-1,Callrecord-1068,+8613777345678,330
1,李秀英,2025-10-26 08:15:00,,Callrecord-1069,+8613907128765,330
0,冯建国,2025-10-26 11:20:00,,Callrecord-1070,+8613807123456,315
1,谢雨桐,2025-10-26 16:28:00,,Callrecord-1071,+8613622345566,432
1,高云飞,2025-10-26 16:30:05,44-2-8,Callrecord-1072,+8613787343210,1795
1,冯建国,2025-10-26 19:00:00,,Callrecord-1073,+8613807123456,4500
1,李秀英,2025-10-27 08:35:00,,Callrecord-1074,+8613907128765,435
0,钱永强,2025-10-27 09:05:00,,Callrecord-1075,+8613973111222,210
0,林志豪,2025-10-27 14:20:00,,Callrecord-1076,+8613818987654,910
1,钱永强,2025-10-27 17:35:00,,Callrecord-1077,+8613973111222,195
0,李秀英,2025-10-27 18:40:00,,Callrecord-1078,+8613907128765,510
1,徐佳宁,2025-10-27 19:05:00,128-2-7,Callrecord-1079,+8613622344321,6000
1,黄思琪,2025-10-28 10:15:00,,Callrecord-1080,+8613622341234,330
1,李秀英,2025-10-28 13:05:00,,Callrecord-1081,+8613907128765,645
1,孙晓雅,2025-10-28 16:05:00,,Callrecord-1082,+8613857123456,630
0,钱永强,2025-10-29 11:15:00,,Callrecord-1083,13973111222,450
1,孙晓雅,2025-10-29 14:45:00,,Callrecord-1084,13857123456,495
1,冯建国,2025-10-29 20:15:00,276-8,Callrecord-1085,+8613807123456,1500
1,黄思琪,2025-10-30 10:05:00,,Callrecord-1086,+8613622341234,450
0,张明轩,2025-10-30 12:15:00,,Callrecord-1087,+8613622345678,345
0,钱永强,2025-10-30 16:30:00,128-3-5,Callrecord-1088,+8613973111222,315
0,张明轩,2025-10-30 18:40:00,,Callrecord-1089,+8613622345678,495
1,钱永强,2025-10-31 10:45:00,,Callrecord-1090,+8613973111222,210
1,冯欣然,2025-10-31 21:50:00,,Callrecord-1091,+8613821776543,900
1,罗振宇,2025-11-01 08:45:00,146-2-5,Callrecord-1092,+8613622346677,1800
0,高云飞,2025-11-01 13:20:00,44-3,Callrecord-1093,+8613787343210,480
1,李秀英,2025-11-01 19:45:00,,Callrecord-1094,+8613907128765,810
0,张明轩,2025-11-01 20:15:00,96-1,Callrecord-1095,+8613622345678,465
1,冯建国,2025-11-02 09:30:00,44-4,Callrecord-1096,+8613807123456,315
0,李秀英,2025-11-02 12:05:00,,Callrecord-1097,+8613907128765,450
1,郑文博,2025-11-03 11:55:00,,Callrecord-1098,+8613787349876,150
1,高云飞,2025-11-03 13:05:00,44-6,Callrecord-1099,+8613787343210,465
0,郑文博,2025-11-03 17:40:00,278-1,Callrecord-1100,+8613787349876,195
1,钱永强,2025-11-03 19:25:00,,Callrecord-1101,+8613973111222,210
0,周雨薇,2025-11-03 19:35:00,,Callrecord-1102,+8613818901234,435
1,冯建国,2025-11-04 09:30:00,,Callrecord-1103,+8613807123456,315
1,郑文博,2025-11-04 11:50:00,,Callrecord-1104,+8613787349876,150
1,黄思琪,2025-11-04 17:55:00,,Callrecord-1105,+8613622341234,600
1,高云飞,2025-11-04 21:30:00,,Callrecord-1106,+8613787343210,900
1,黄思琪,2025-11-05 11:45:00,278-3,Callrecord-1107,+8613622341234,330
0,郑文博,2025-11-05 12:05:00,,Callrecord-1108,+8613787349876,195
1,钱永强,2025-11-05 17:25:00,,Callrecord-1109,+8613973111222,300
1,冯建国,2025-11-06 08:55:00,,Callrecord-1110,+8613807123456,600
0,张明轩,2025-11-06 13:55:00,,Callrecord-1111,+8613622345678,780
1,林志豪,2025-11-06 15:25:00,278-4,Callrecord-1112,+8613818987654,210
0,妈妈,2025-11-06 18:10:00,,Callrecord-1113,+8613820712345,165
1,李秀英,2025-11-06 21:30:00,,Callrecord-1114,+8613907128765,915
1,孙晓雅,2025-11-07 08:45:00,,Callrecord-1115,+8613857123456,450
0,钱永强,2025-11-07 10:05:00,,Callrecord-1116,+8613973111222,435
1,李秀英,2025-11-07 12:30:00,,Callrecord-1117,+8613907128765,525
1,徐佳宁,2025-11-07 13:45:00,,Callrecord-1118,+8613622344321,320
1,冯建国,2025-11-07 19:45:00,,Callrecord-1119,+8613807123456,900
1,高云飞,2025-11-08 08:15:00,1-1,Callrecord-1120,+8613787343210,330
0,李秀英,2025-11-08 10:35:00,34-1,Callrecord-1121,+8613907128765,315
1,冯欣然,2025-11-08 11:10:00,35-2,Callrecord-1122,+8613817765432,345
1,钱永强,2025-11-08 11:20:00,35-2,Callrecord-1123,+8613973111222,150
1,冯欣然,2025-11-08 21:15:00,,Callrecord-1124,+8613817765432,210
1,钱永强,2025-11-08 23:10:00,,Callrecord-1125,+8613973111222,165
1,钱永强,2025-11-09 11:30:00,1-4,Callrecord-1126,+8613973111222,315
1,李秀英,2025-11-09 18:05:00,,Callrecord-1127,+8613907128765,210
1,冯欣然,2025-11-09 21:30:00,279-2,Callrecord-1128,+8613817765432,1080
1,李秀英,2025-11-10 08:15:00,34-2-2,Callrecord-1129,+8613907128765,210
1,钱永强,2025-11-10 10:15:00,279-3-4,Callrecord-1130,+8613973111222,165
1,钱永强,2025-11-10 16:20:00,36-2-3,Callrecord-1131,13973111222,495
0,冯欣然,2025-11-10 21:15:00,36-2-3,Callrecord-1132,13817765432,465
1,张明轩,2025-11-11 07:25:00,,Callrecord-1133,+8613622345678,600
1,李秀英,2025-11-11 08:55:00,34-2-1,Callrecord-1134,+8613907128765,600
1,钱永强,2025-11-11 11:30:00,115-2,Callrecord-1135,+8613973111222,900
1,李秀英,2025-11-11 18:05:00,,Callrecord-1136,+8613907128765,450
0,钱永强,2025-11-11 19:35:00,,Callrecord-1137,+8613973111222,435
1,钱永强,2025-11-12 07:45:00,,Callrecord-1138,+8613973112222,450
1,李秀英,2025-11-12 17:05:00,34-2-6,Callrecord-1139,+8613907128765,330
1,冯建国,2025-11-14 08:40:15,279-3-5,Callrecord-1140,+8613807123456,135
1,钱永强,2025-11-14 10:50:10,2-5-4,Callrecord-1141,+8613973111222,215
0,孙晓雅,2025-11-14 14:10:05,2-5-4,Callrecord-1142,+8613857123456,315
1,钱永强,2025-11-14 16:45:00,,Callrecord-1143,+8613973111222,210
0,张明轩,2025-11-14 20:45:00,,Callrecord-1144,+8613622345678,420
1,钱永强,2025-11-15 10:45:00,2-3,Callrecord-1145,+8613973111222,420
1,冯建国,2025-11-15 16:40:00,34-3,Callrecord-1146,13807123456,330
1,李秀英,2025-11-16 07:05:00,,Callrecord-1147,+8613907128765,450
1,冯建国,2025-11-16 17:10:00,,Callrecord-1148,+8613807123456,330
0,李秀英,2025-11-16 19:35:00,,Callrecord-1149,+8613907128765,300
1,高云飞,2025-11-16 20:30:00,,Callrecord-1150,+8613787343210,900
0,冯欣然,2025-11-17 09:30:00,,Callrecord-1151,+8613821776543,900
1,同济社区康复站,2025-11-17 15:15:00,280-3,Callrecord-1152,027-83661234,300
1,冯欣然,2025-11-17 18:05:00,,Callrecord-1153,+8613817765432,630
1,彭雨晴,2025-11-17 21:15:00,,Callrecord-1154,+8613787344567,1500
1,罗振宇,2025-11-18 07:05:00,146-2-6,Callrecord-1155,+8613622346677,330
0,张明轩,2025-11-18 14:15:00,,Callrecord-1156,+8613622345678,600
1,冯欣然,2025-11-18 15:30:00,,Callrecord-1157,+8613817765432,1500
1,彭雨晴,2025-11-18 19:50:00,,Callrecord-1158,13787344567,1200
1,钱永强,2025-11-18 20:35:00,2-4,Callrecord-1159,13973111222,420
1,李秀英,2025-11-19 07:05:00,,Callrecord-1160,+8613907128765,210
1,冯建国,2025-11-19 08:15:00,36-2-9,Callrecord-1161,+8613807123456,315
1,飞利浦伟康睡眠呼吸体验中心,2025-11-19 13:45:00,281-3,Callrecord-1162,+8610621001234,420
1,钱永强,2025-11-19 20:15:00,2-4,Callrecord-1163,+8613973111222,210
0,张明轩,2025-11-20 10:45:05,2-6,Callrecord-1164,+8613622345678,195
1,冯欣然,2025-11-20 19:05:00,280-5,Callrecord-1165,+8613817765432,1200
0,郑文博,2025-11-21 12:05:00,,Callrecord-1166,13787349876,210
1,钱永强,2025-11-21 15:20:00,,Callrecord-1167,13973111222,345
0,李秀英,2025-11-21 20:15:00,,Callrecord-1168,+8613907128765,450
1,李秀英,2025-11-22 09:45:00,81-1-3,Callrecord-1169,+8613907128765,630
0,张明轩,2025-11-22 10:30:00,81-1-3,Callrecord-1170,+8613622345678,915
0,冯欣然,2025-11-22 12:20:00,109-2,Callrecord-1171,+8613817765432,525
1,李秀英,2025-11-22 21:15:00,279-7,Callrecord-1172,+8613907128765,630
1,李秀英,2025-11-23 12:05:00,,Callrecord-1173,+8613907128765,1200
1,罗振宇,2025-11-23 15:00:00,53-5,Callrecord-1174,+8613622346677,2700
1,钱永强,2025-11-24 09:25:00,,Callrecord-1175,+8613973111222,210
0,冯欣然,2025-11-24 13:35:00,,Callrecord-1176,+8613817765432,315
1,钱永强,2025-11-24 16:45:00,,Callrecord-1177,+8613973111222,210
0,XX保险,2025-11-25 08:45:00,,Callrecord-1178,+861066000123,210
1,钱永强,2025-11-25 09:40:00,,Callrecord-1179,+8613973111222,135
1,林志豪,2025-11-25 11:55:00,3-1,Callrecord-1180,+8613818987654,225
0,李秀英,2025-11-25 12:15:00,154-4-7,Callrecord-1181,+8613907128765,330
1,林志豪,2025-11-25 14:50:00,3-1,Callrecord-1182,+8613818987654,190
1,彭雨晴,2025-11-25 16:45:00,110-3,Callrecord-1183,+8613787344567,620
1,钱永强,2025-11-26 16:45:00,,Callrecord-1184,+8613973112222,210
1,李秀英,2025-11-26 20:20:00,,Callrecord-1185,+8613907128765,900
0,张明轩,2025-11-26 20:50:00,,Callrecord-1186,+8613622345678,900
1,李哲,2025-11-27 09:15:00,158-3-4,Callrecord-1187,+8613622345678,630
0,冯浩然,2025-11-27 15:30:00,158-3-5,Callrecord-1188,13800138000,1800
0,董浩然,2025-11-27 19:40:00,129-5,Callrecord-1189,+8613622348877,735
1,长沙优动运动康复中心,2025-11-28 07:45:00,116-2,Callrecord-1190,0731-88881234,210
1,李秀英,2025-11-28 12:50:00,,Callrecord-1191,+8613907128765,900
1,黄思琪,2025-11-28 13:45:00,3-4,Callrecord-1192,+8613622341234,600
1,林志豪,2025-11-28 15:20:00,,Callrecord-1193,+8613818987654,480
1,钱永强,2025-11-28 17:30:00,98-6,Callrecord-1194,+8613973111222,315
1,长沙含浦小动物爱心救助站,2025-11-28 21:25:00,111-2,Callrecord-1195,+8613877665544,220
1,冯建国,2025-11-28 22:20:00,40-1,Callrecord-1196,+8613807123456,1800
1,李秀英,2025-11-29 08:10:00,,Callrecord-1197,+8613907128765,615
1,黄思琪,2025-11-29 09:05:00,106-3,Callrecord-1198,+8613622341234,450
1,钱永强,2025-11-29 16:45:00,53-1-3,Callrecord-1199,+8613973111222,430
0,冯建国,2025-11-29 20:48:00,81-4,Callrecord-1200,+8613807123456,330
1,李秀英,2025-11-30 15:10:00,154-4-8,Callrecord-1201,+8613907128765,345
1,黄思琪,2025-12-01 10:45:30,288-2-2,Callrecord-1202,+8613622341234,405
0,冯建国,2025-12-01 11:20:00,288-2-2,Callrecord-1203,+8613807123456,345
0,冯建国,2025-12-01 12:45:10,,Callrecord-1204,+8613807123456,200
1,林志豪,2025-12-01 16:10:00,288-2-2,Callrecord-1205,+8613818987654,520
1,冯建国,2025-12-01 19:05:00,,Callrecord-1206,+8613807123456,1800
0,冯建国,2025-12-01 19:45:00,,Callrecord-1207,+8613807123456,600
1,黄思琪,2025-12-02 09:40:00,53-1-2,Callrecord-1208,+8613622341234,210
1,郑文博,2025-12-02 11:55:00,,Callrecord-1209,+8613787349876,75
1,黄思琪,2025-12-02 13:10:00,53-1-2,Callrecord-1210,+8613622341234,300
1,黄思琪,2025-12-03 14:15:00,,Callrecord-1211,+8613622341234,900
1,李秀英,2025-12-03 17:45:00,,Callrecord-1212,+8613907128765,330
0,张明轩,2025-12-03 21:30:00,,Callrecord-1213,+8613622345678,915
1,钱永强,2025-12-04 08:45:00,40-2-5,Callrecord-1214,+8613973111222,330
1,黄思琪,2025-12-04 14:20:00,288-2-3,Callrecord-1215,+8613622341234,315
1,李秀英,2025-12-04 17:35:00,,Callrecord-1216,+8613907128765,210
1,钱永强,2025-12-04 20:45:00,288-2-3,Callrecord-1217,+8613973111222,195
0,冯建国,2025-12-04 21:10:00,,Callrecord-1218,+8613807123456,345
1,钱永强,2025-12-05 11:40:00,288-2-4,Callrecord-1219,+8613973111222,330
1,林志豪,2025-12-05 17:15:00,288-2-4,Callrecord-1220,+8613818987654,210
1,冯建国,2025-12-06 09:15:00,141-1-4,Callrecord-1221,+8613807123456,330
0,冯建国,2025-12-06 21:45:00,,Callrecord-1222,13807123456,450
1,徐佳宁,2025-12-07 14:10:00,141-1-7,Callrecord-1223,+8613622344321,930
0,罗振宇,2025-12-07 15:05:00,289-3,Callrecord-1224,+8613622346677,1425
1,冯建国,2025-12-07 20:00:00,106-5,Callrecord-1225,+8613807123456,2115
0,张明轩,2025-12-08 09:15:00,37-1,Callrecord-1226,+8613622345678,330
1,林志豪,2025-12-08 11:30:00,,Callrecord-1227,+8613818987654,345
1,林志豪,2025-12-08 14:05:00,37-6,Callrecord-1228,+8613818987654,450
1,董浩然,2025-12-08 17:45:00,,Callrecord-1229,+8613622348877,315
1,钱永强,2025-12-09 09:50:00,,Callrecord-1230,+8613973111222,150
1,孙晓雅,2025-12-09 10:30:00,,Callrecord-1231,+8613857123456,315
1,黄思琪,2025-12-09 14:15:00,,Callrecord-1232,+8613622341234,225
1,钱永强,2025-12-10 10:15:00,,Callrecord-1233,+8613973111222,210
1,冯建国,2025-12-10 17:25:00,,Callrecord-1234,+8613807123456,345
1,徐佳宁,2025-12-10 20:15:00,,Callrecord-1235,+8613622344321,450
0,张明轩,2025-12-10 21:12:00,,Callrecord-1236,+8613622345678,405
1,冯建国,2025-12-11 20:25:00,41-2-2,Callrecord-1237,+8613807123456,915
1,李秀英,2025-12-11 20:45:00,41-2-2,Callrecord-1238,+8613907128765,1230
1,陆家明,2025-12-11 21:15:00,41-2-2,Callrecord-1239,+861377345689,645
0,钱永强,2025-12-12 10:02:00,288-6,Callrecord-1240,+8613973111222,630
1,郑文博,2025-12-12 15:35:00,,Callrecord-1241,+8613787349876,315
0,冯欣然,2025-12-14 14:10:00,41-7,Callrecord-1242,+8613817765432,510
1,钱永强,2025-12-14 22:25:00,,Callrecord-1243,13973111222,195
1,郑文博,2025-12-15 11:45:00,,Callrecord-1244,+861387349876,330
1,黄思琪,2025-12-15 13:50:00,,Callrecord-1245,+8613622341234,3000
1,美年大健康,2025-12-16 11:15:00,107-2,Callrecord-1246,400-100-0010,630
0,钱永强,2025-12-17 08:55:00,,Callrecord-1247,+8613973111222,330
1,孙晓雅,2025-12-17 10:15:00,,Callrecord-1248,+8613821890123,645
1,黄思琪,2025-12-17 15:30:00,,Callrecord-1249,+8613622341234,920
1,冯欣然,2025-12-17 20:45:00,286-2,Callrecord-1250,+8613817765432,810
1,冯建国,2025-12-17 21:05:00,286-2,Callrecord-1251,+8613807123456,435
1,京东健康客服,2025-12-18 12:35:00,286-3,Callrecord-1252,4001234567,315
0,孙晓雅,2025-12-18 14:20:00,,Callrecord-1253,+8613887123456,330
1,李哲,2025-12-18 15:00:00,158-4-4,Callrecord-1254,+8613912345678,750
1,黄思琪,2025-12-18 16:50:00,,Callrecord-1255,+8613622341234,345
1,彭雨晴,2025-12-18 21:15:00,290-5,Callrecord-1256,+8613777344567,630
1,冯建国,2025-12-19 12:15:00,107-4,Callrecord-1257,+8613807123456,600
1,孙晓雅,2025-12-19 18:55:00,,Callrecord-1258,+861387149876,600
1,高云飞,2025-12-19 19:05:00,,Callrecord-1259,+8613787343210,300
1,冯建国,2025-12-19 21:40:00,107-4,Callrecord-1260,+8613807123456,1200
1,徐佳宁,2025-12-20 08:05:00,154-5-5,Callrecord-1261,+8613622344321,330
0,钱永强,2025-12-20 13:50:00,38-2,Callrecord-1262,+8613973111222,1815
0,张明轩,2025-12-20 14:15:00,285-1,Callrecord-1263,+8613612345678,600
1,钱永强,2025-12-20 17:05:00,282-1,Callrecord-1264,+8613973111222,210
1,冯建国,2025-12-20 19:25:00,285-1,Callrecord-1265,+8613807123456,300
1,李秀英,2025-12-21 08:35:00,,Callrecord-1266,+8613907128765,315
0,冯建国,2025-12-21 13:10:00,,Callrecord-1267,+8613807123456,345
1,西湖春天（梅溪湖店）,2025-12-21 14:35:00,87-2,Callrecord-1268,0731-88886666,140
1,健康守护APP客服,2025-12-22 07:30:00,38-3,Callrecord-1269,4001234567,135
0,钱永强,2025-12-22 09:05:00,,Callrecord-1270,+8613973111222,225
1,冯建国,2025-12-22 12:20:00,282-3,Callrecord-1271,+8613807123456,310
1,黄思琪,2025-12-22 14:30:00,,Callrecord-1272,+8613622341234,1500
1,冯建国,2025-12-22 19:35:00,286-5,Callrecord-1273,+8613807123456,2700
1,钱永强,2025-12-23 10:15:00,,Callrecord-1274,+8613973111222,330
1,李秀英,2025-12-23 12:05:00,158-4-5,Callrecord-1275,+8613907128765,345
1,黄思琪,2025-12-23 15:45:00,,Callrecord-1276,+8613618923456,420
1,李秀英,2025-12-24 07:20:00,,Callrecord-1277,+8613907128765,330
0,张明轩,2025-12-24 08:45:00,,Callrecord-1278,+8613622345678,315
1,钱永强,2025-12-24 11:15:00,86-1,Callrecord-1279,+8613973111222,225
1,冯建国,2025-12-24 12:30:00,,Callrecord-1280,+8613807123456,310
1,黄思琪,2025-12-24 14:00:00,,Callrecord-1281,+8613622341234,330
0,冯欣然,2025-12-24 17:55:00,,Callrecord-1282,+8613817765432,320
1,张明轩,2025-12-24 20:55:00,,Callrecord-1283,+8613622345678,90
1,京东客服,2025-12-24 21:25:00,,Callrecord-1284,400-889-5588,130
0,钱永强,2025-12-24 22:30:00,,Callrecord-1285,+8613973111222,315
1,钱永强,2025-12-25 10:35:00,,Callrecord-1286,+8613973111222,300
0,XX保险,2025-12-25 13:15:00,141-5,Callrecord-1287,010-12345678,210
1,钱永强,2025-12-25 16:40:00,38-6,Callrecord-1288,13973111222,510
0,郑文博,2025-12-25 17:35:00,,Callrecord-1289,13787349876,190
0,钱永强,2025-12-26 09:05:00,,Callrecord-1290,+8613973111222,210
1,李秀英,2025-12-26 17:05:00,117-6-7,Callrecord-1291,+8613907128765,450
1,冯建国,2025-12-26 19:00:00,117-6-7,Callrecord-1292,+8613807123456,2400
1,沈心怡,2025-12-27 11:15:00,,Callrecord-1293,+8613787346789,330
1,冯建国,2025-12-27 22:50:00,108-1,Callrecord-1294,13807123456,510
1,李秀英,2025-12-27 23:05:00,108-1,Callrecord-1295,13907128765,435
1,冯建国,2025-12-28 08:35:00,,Callrecord-1296,+8613807123456,630
1,徐佳宁,2025-12-28 14:50:00,,Callrecord-1297,+8613622344321,900
0,冯建国,2025-12-28 19:05:00,108-3,Callrecord-1298,+8613807123456,450
0,李哲,2025-12-29 11:30:00,158-4-6,Callrecord-1299,+8613612345678,900
1,彭雨晴,2025-12-29 12:15:00,42-5,Callrecord-1300,+8613787344567,1200
1,钱永强,2025-12-29 21:45:00,158-5,Callrecord-1301,13973111222,450
0,李秀英,2025-12-30 08:15:00,,Callrecord-1302,+8613907128765,330
1,钱永强,2025-12-30 09:30:00,158-6,Callrecord-1303,+8613973111222,900
1,郑文博,2025-12-30 12:05:00,,Callrecord-1304,+8613787349876,180
0,黄思琪,2025-12-30 14:45:00,,Callrecord-1305,+8613622341234,420
1,徐佳宁,2025-12-31 19:15:00,284-4,Callrecord-1306,+8613622344321,330
1,吴俊杰,2025-12-31 23:55:00,284-6,Callrecord-1307,+8613787345678,615
